,38.29,38.29.1,38.29.2,38.29.3,38.29.4,38.29.5,38.66,38.66.1,38.66.2,38.66.3,1
0,39.03,38.66,39.03,39.03,39.03,39.03,39.03,39.03,39.03,39.03,1
1,39.41,39.41,39.41,39.41,39.41,39.41,39.78,39.41,39.78,39.78,1
2,39.78,39.78,39.78,39.78,40.15,40.15,40.15,40.15,40.15,40.15,1
3,40.52,40.52,40.52,40.52,40.52,40.52,40.52,40.52,40.52,40.52,1
4,3.35,3.35,3.35,3.35,3.35,3.35,3.35,3.35,3.35,3.35,-1
5,3.35,3.35,3.35,3.72,3.35,3.35,3.35,3.35,3.35,3.35,-1
6,3.72,3.72,3.72,3.72,3.72,3.72,3.72,3.72,3.72,3.72,-1
13,3.72,3.35,3.35,3.72,3.35,3.35,3.35,3.35,3.35,3.35,-1
15,3.35,3.35,3.35,2.97,3.35,3.35,2.97,2.97,2.97,2.97,-1
16,2.97,2.97,2.97,2.97,2.97,2.97,2.97,2.97,2.97,2.97,-1
17,2.97,2.97,2.97,2.97,2.6,2.6,2.6,2.6,2.6,2.6,-1
18,2.6,2.6,2.6,2.6,2.6,2.6,2.6,2.6,2.6,2.6,-1
21,2.6,2.6,2.6,2.6,2.6,2.6,2.6,2.6,2.23,2.6,-1
22,2.6,2.23,2.23,2.23,2.23,2.6,2.6,2.23,2.6,2.23,-1
23,2.6,2.23,2.23,2.23,2.23,2.23,2.23,2.23,2.23,2.23,-1
24,2.23,2.23,2.23,2.23,2.23,2.23,2.23,2.23,2.23,2.23,-1
37,2.23,2.23,2.23,2.23,1.86,2.23,2.23,2.23,2.23,2.23,-1
38,2.23,2.23,2.23,2.23,2.23,2.23,1.86,2.23,2.23,2.23,-1
40,2.23,2.23,2.23,2.23,2.23,2.23,1.86,2.23,1.86,2.23,-1
41,2.23,1.86,1.86,1.86,1.86,1.86,2.23,1.86,1.86,2.23,-1
42,2.23,1.86,1.86,1.86,1.86,1.86,1.86,2.23,2.23,2.23,-1
43,2.23,2.23,1.86,2.23,2.23,2.23,2.23,2.23,2.23,1.86,-1
44,2.23,2.23,2.23,2.23,1.86,2.23,2.23,2.23,2.23,1.86,-1
45,1.86,1.86,2.23,1.86,2.23,2.23,2.23,2.23,2.23,2.23,-1
46,3.35,3.35,3.35,3.35,3.72,3.72,4.09,4.09,4.46,4.46,1
47,5.2,5.58,5.58,5.58,5.95,5.95,5.95,6.32,6.32,6.69,1
48,7.43,7.43,7.43,7.43,7.81,7.81,8.18,8.18,8.55,8.55,1
49,9.29,9.29,9.29,9.67,9.67,9.67,10.04,10.04,10.41,10.41,1
50,11.15,11.15,11.52,11.52,11.9,11.9,11.9,11.9,12.27,12.27,1
51,13.01,13.01,13.38,13.38,13.38,13.75,13.75,13.75,14.13,14.13,1
52,14.87,14.87,14.87,15.24,15.24,15.61,15.61,15.61,15.61,15.99,1
53,16.36,16.36,16.36,16.36,16.73,16.73,16.73,16.73,17.1,17.1,1
54,17.47,17.47,17.47,17.47,17.84,17.84,17.84,17.84,18.22,18.22,1
55,18.59,18.59,18.59,18.59,18.96,18.96,18.96,18.96,19.33,19.33,1
56,19.7,19.7,20.07,20.07,20.07,20.07,20.07,20.45,20.45,20.45,1
57,20.82,20.82,20.82,20.82,21.19,21.19,21.19,21.19,21.19,21.19,1
58,21.56,21.56,21.56,21.56,21.93,21.93,21.93,21.93,21.93,21.93,1
59,22.3,22.3,22.3,22.3,22.3,22.3,22.3,22.68,22.68,22.68,1
60,23.05,23.05,23.05,23.05,23.05,23.05,23.05,23.05,23.42,23.42,1
61,23.42,23.42,23.42,23.79,23.79,23.79,23.79,23.79,23.79,24.16,1
62,24.16,24.16,24.16,24.16,24.54,24.54,24.54,24.54,24.54,24.54,1
63,24.91,24.91,24.91,24.91,24.91,24.91,24.91,24.91,25.28,25.28,1
64,25.65,25.28,25.28,25.65,25.65,25.65,25.65,25.65,25.65,26.02,1
65,26.02,26.02,26.02,26.02,26.39,26.39,26.39,26.39,26.77,26.39,1
66,26.77,26.77,26.77,27.14,27.14,27.14,27.14,27.14,27.51,27.51,1
67,27.88,27.88,27.88,27.88,28.25,27.88,28.25,28.25,28.25,28.25,1
68,28.62,28.62,28.62,28.62,29.0,29.0,29.0,29.0,29.0,29.37,1
69,29.74,29.74,29.74,29.74,29.74,29.74,29.74,30.11,30.11,30.11,1
70,30.48,30.48,30.48,30.48,30.86,30.86,30.86,30.86,30.86,30.86,1
71,31.23,31.23,31.23,31.23,31.6,31.6,31.6,31.6,31.6,31.97,1
72,31.97,32.34,32.34,32.34,32.34,32.34,32.34,32.34,32.71,32.71,1
73,33.09,33.09,33.09,33.09,33.09,33.46,33.46,33.46,33.46,33.46,1
74,33.83,34.2,34.2,34.2,34.2,34.57,34.57,34.57,34.57,34.57,1
75,35.32,35.32,35.32,35.32,35.32,35.32,35.69,35.69,35.69,35.69,1
76,36.06,36.06,36.06,36.43,36.43,36.43,36.43,36.43,36.8,36.8,1
77,36.8,37.17,37.17,37.17,37.17,37.17,37.17,37.17,37.55,37.55,1
78,37.92,37.92,37.92,37.92,37.92,37.92,37.92,37.92,38.29,38.29,1
79,38.66,38.66,38.66,38.66,38.66,38.66,39.03,38.66,39.03,39.03,1
80,39.41,39.41,39.41,39.41,39.41,39.41,39.41,39.41,39.78,39.78,1
81,40.15,40.15,40.15,40.15,40.15,40.52,40.15,40.52,40.52,40.52,1
82,40.89,40.89,40.89,40.89,40.89,40.89,40.89,40.89,40.89,40.89,1
83,41.26,41.26,41.26,41.26,41.64,41.64,41.64,41.64,41.64,41.64,1
84,42.01,42.01,42.01,42.01,42.01,42.01,42.01,42.01,42.38,42.38,1
85,42.38,42.38,42.38,42.38,42.38,42.75,42.75,42.75,42.75,42.75,1
86,43.12,43.12,43.12,43.12,43.12,43.12,43.12,43.12,43.12,43.12,1
87,43.49,43.49,43.49,43.49,43.49,43.49,43.49,43.49,43.87,43.87,1
88,43.87,43.87,43.87,43.87,43.87,44.24,44.24,44.24,44.24,44.24,1
90,3.35,3.35,3.72,3.35,3.72,3.72,3.35,3.72,3.72,3.72,-1
91,3.72,3.35,3.35,3.35,3.35,3.35,3.35,3.35,3.35,3.35,-1
97,3.35,3.35,3.35,3.35,3.35,2.97,3.35,3.35,2.97,3.35,-1
98,2.97,3.35,2.97,2.97,2.97,2.97,2.97,2.97,2.97,2.97,-1
101,2.97,2.97,2.97,2.97,2.97,2.6,2.97,2.97,2.97,2.97,-1
102,2.97,2.6,2.97,2.97,2.6,2.97,2.97,2.6,2.97,2.97,-1
103,2.6,2.6,2.6,2.6,2.6,2.6,2.97,2.6,2.6,2.6,-1
104,2.6,2.6,2.6,2.6,2.97,2.6,2.6,2.6,2.6,2.6,-1
113,2.6,2.23,2.23,2.6,2.6,2.6,2.6,2.6,2.6,2.6,-1
114,2.6,2.23,2.6,2.23,2.23,2.23,2.23,2.23,2.6,2.23,-1
115,2.23,2.23,2.23,2.23,2.23,2.23,2.23,2.6,2.23,2.23,-1
118,2.23,2.23,2.23,2.23,2.23,2.6,2.23,2.23,2.23,2.23,-1
137,2.97,2.97,2.97,2.97,3.35,3.35,3.35,3.35,3.72,3.72,1
138,4.46,4.83,4.83,4.83,5.2,5.2,5.2,5.2,5.58,5.58,1
139,6.32,6.69,6.69,6.69,7.06,7.06,7.06,7.06,7.43,7.43,1
140,8.18,8.18,8.18,8.18,8.18,8.55,8.55,8.55,8.55,8.92,1
141,9.67,9.67,9.67,9.67,9.67,10.04,10.04,10.04,10.04,10.41,1
142,10.78,10.78,10.78,11.15,11.15,11.15,11.15,11.15,11.52,11.52,1
143,12.27,12.27,12.27,12.27,12.64,12.64,12.64,12.64,12.64,13.01,1
144,13.38,13.38,13.38,13.75,13.75,14.13,14.13,14.13,14.13,14.13,1
145,14.5,14.87,14.87,14.87,15.24,15.24,15.24,15.24,15.61,15.24,1
146,15.99,15.99,15.99,15.99,16.36,16.36,16.36,16.36,16.36,16.73,1
147,17.1,17.1,17.1,17.1,17.1,17.1,17.1,17.1,17.1,17.47,1
148,18.59,18.59,18.59,18.59,18.59,18.59,18.96,18.96,18.96,18.96,1
149,19.33,19.33,19.33,19.33,19.7,19.7,19.33,19.7,19.7,19.7,1
150,20.07,20.07,20.07,20.07,20.07,20.07,20.07,20.07,20.07,20.45,1
151,20.82,20.82,20.82,20.82,21.19,21.19,20.82,21.19,21.19,21.19,1
152,21.56,21.56,21.56,21.56,21.56,21.56,21.56,21.56,21.93,21.93,1
154,23.05,23.05,23.05,23.05,23.05,23.05,23.05,23.42,23.42,23.42,1
155,24.16,24.54,24.16,24.54,24.54,24.54,24.54,24.54,24.91,24.91,1
156,25.28,25.28,25.28,25.28,25.65,25.28,25.65,25.65,25.65,25.65,1
157,26.39,26.02,26.39,26.39,26.39,26.39,26.39,26.77,26.77,26.77,1
158,27.14,27.14,27.51,27.51,27.88,27.51,27.88,27.88,27.88,27.88,1
159,28.62,28.62,28.25,28.62,28.62,28.62,28.62,29.0,29.0,29.0,1
160,29.37,29.37,29.37,29.37,29.74,29.74,29.74,29.74,30.11,30.11,1
162,31.6,31.6,31.6,31.6,31.6,31.97,31.97,31.97,31.97,31.97,1
163,32.34,32.34,32.34,32.34,32.71,32.71,32.71,32.71,32.71,32.71,1
164,33.09,33.09,33.09,33.46,33.46,33.46,33.46,33.46,33.46,33.46,1
165,33.83,33.83,33.83,34.2,34.2,34.2,34.2,34.2,34.2,34.57,1
166,34.94,34.94,34.94,34.94,34.94,34.94,34.94,34.94,34.94,34.94,1
167,35.32,35.32,35.32,35.32,35.69,35.69,35.69,35.69,35.69,35.69,1
168,36.06,36.06,36.06,36.06,36.43,36.43,36.43,36.43,36.43,36.43,1
169,36.43,36.8,36.8,36.8,36.8,36.8,36.8,36.8,36.8,36.8,1
170,37.17,37.17,37.17,37.17,37.17,37.17,37.17,37.17,37.55,37.55,1
171,37.55,37.55,37.55,37.55,37.92,37.92,37.92,37.92,37.92,37.92,1
172,37.92,37.92,37.92,37.92,38.29,38.29,38.29,38.29,38.29,38.29,1
173,38.29,38.66,38.29,38.29,38.66,38.66,38.66,38.66,38.66,38.66,1
174,39.03,39.03,38.66,39.03,39.03,39.03,39.03,39.03,39.41,39.41,1
176,39.78,39.78,39.78,40.15,39.78,40.15,40.15,40.15,40.15,40.15,1
178,40.89,40.89,40.89,40.89,40.89,40.89,40.89,40.89,40.89,41.26,1
180,41.64,41.64,41.64,41.64,27.14,23.05,20.45,16.36,11.9,7.06,-1
181,4.09,4.09,4.09,4.09,3.72,3.72,3.72,3.72,3.72,3.72,-1
183,3.72,3.72,3.72,3.72,4.09,3.72,3.72,3.72,3.72,3.72,-1
184,4.09,4.09,4.09,4.09,4.09,4.09,4.09,4.09,4.09,4.09,-1
187,4.46,4.09,4.46,4.09,4.09,4.09,4.46,4.09,4.09,4.09,-1
190,4.09,4.09,4.09,4.09,4.09,4.09,4.09,4.09,4.09,3.72,-1
192,3.72,3.72,3.72,3.72,3.35,3.35,3.35,3.35,3.35,3.35,-1
194,3.35,3.35,2.97,2.97,2.97,2.97,2.97,2.97,2.97,2.97,-1
196,2.97,2.97,2.6,2.97,2.6,2.6,2.6,2.6,2.6,2.6,-1
202,2.6,2.6,2.23,2.23,2.23,2.23,2.23,2.23,2.23,2.23,-1
229,2.97,2.97,3.35,3.35,3.35,3.72,3.72,3.72,3.72,3.72,1
230,4.46,4.83,4.83,4.83,5.2,5.58,5.58,5.58,5.58,5.95,1
231,7.06,7.06,7.06,7.06,7.81,7.81,7.81,7.81,7.81,8.18,1
232,8.92,9.29,9.29,9.29,9.29,9.67,9.67,9.67,10.04,10.04,1
233,10.78,10.78,10.78,11.15,11.15,11.52,11.52,11.52,11.52,11.52,1
234,12.27,12.27,12.64,12.64,13.01,13.01,13.01,13.01,13.38,13.38,1
235,14.13,14.13,14.13,14.13,14.5,14.87,14.87,14.87,15.24,15.24,1
236,15.99,15.99,15.99,15.99,16.36,16.36,16.36,16.73,16.73,17.1,1
238,18.59,18.96,18.96,18.96,18.96,19.33,19.33,19.33,19.7,19.33,1
239,20.07,20.07,20.07,20.07,20.07,20.45,20.45,20.45,20.45,20.45,1
240,21.19,21.19,21.19,21.19,21.19,21.19,21.19,21.56,21.56,21.56,1
241,21.93,21.93,21.93,21.93,22.3,22.3,22.3,22.3,22.3,22.3,1
242,22.68,22.68,22.68,22.68,23.05,23.05,23.05,23.05,23.05,23.05,1
243,23.42,23.42,23.42,23.42,23.79,23.79,23.79,23.79,23.79,23.79,1
244,24.16,24.16,24.16,24.16,24.16,24.54,24.54,24.54,24.54,24.54,1
245,24.54,24.91,24.91,24.91,24.91,24.91,24.91,24.91,24.91,25.28,1
246,25.28,25.28,25.28,25.65,25.65,25.65,25.65,25.65,25.65,25.65,1
247,26.02,26.02,26.02,26.02,26.02,26.02,26.02,26.39,26.02,26.39,1
248,26.39,26.39,26.39,26.39,26.77,26.77,26.77,26.77,26.77,26.77,1
249,27.14,27.14,27.14,27.14,27.14,27.14,27.14,27.14,27.14,27.51,1
250,27.51,27.51,27.51,27.51,27.51,27.51,27.51,27.88,27.88,27.88,1
251,27.88,27.88,27.88,28.25,28.25,28.25,28.25,28.25,28.25,28.25,1
252,28.62,28.62,28.62,28.62,28.62,28.62,29.0,29.0,29.0,29.0,1
253,29.0,29.0,29.0,29.0,29.37,29.37,29.37,29.37,29.37,29.37,1
254,29.74,29.74,29.74,29.74,30.11,30.11,30.11,30.11,30.11,30.11,1
255,30.48,30.48,30.48,30.48,30.48,30.48,30.48,30.48,30.48,30.48,1
256,30.86,30.86,30.86,30.86,30.86,31.23,31.23,31.23,31.23,31.23,1
257,31.6,31.6,31.6,31.6,31.97,31.6,31.6,31.97,31.6,31.97,1
258,31.97,32.34,32.34,32.34,32.34,32.34,32.34,32.34,32.34,32.34,1
259,32.71,32.71,32.71,32.71,32.71,33.09,33.09,33.09,33.09,33.09,1
260,33.46,33.46,33.46,33.46,33.46,33.46,33.46,33.83,33.83,33.83,1
261,33.83,33.83,34.2,34.2,34.2,34.2,34.2,34.2,34.2,34.57,1
262,34.57,34.57,34.94,34.94,34.94,34.94,34.94,34.94,34.94,34.94,1
264,36.06,36.06,36.06,36.06,36.06,36.43,36.43,36.43,36.43,36.43,1
265,36.8,36.8,36.8,36.8,36.8,36.8,36.8,36.8,37.17,37.17,1
266,37.17,37.17,37.55,37.55,37.55,37.55,37.55,37.55,37.55,37.55,1
267,37.92,37.92,37.92,37.92,37.92,37.92,38.29,38.29,38.29,38.29,1
269,39.03,39.41,39.41,39.41,39.41,39.41,39.41,39.41,39.41,39.41,1
272,40.89,40.89,40.89,40.89,40.89,40.89,40.89,40.89,41.26,41.26,1
273,41.26,41.26,41.26,41.26,41.26,41.26,41.26,41.26,41.64,41.64,1
274,41.64,41.64,41.64,42.01,42.01,41.64,42.01,42.01,42.01,42.01,1
276,3.72,3.72,3.72,3.72,3.72,3.72,3.72,3.35,3.72,3.35,-1
277,3.72,3.72,3.72,3.72,3.72,3.35,3.72,3.72,3.72,3.72,-1
281,3.72,3.72,3.72,3.72,3.72,3.72,3.35,3.72,3.72,3.72,-1
284,3.35,3.35,3.35,2.97,3.35,2.97,3.35,2.97,3.35,2.97,-1
285,3.35,2.97,2.97,2.97,2.97,2.97,2.97,2.97,2.97,2.97,-1
288,22.14,22.14,22.14,22.51,22.14,22.51,22.51,22.51,22.51,22.51,1
289,22.88,22.88,22.51,22.88,22.88,22.88,22.88,22.88,22.88,22.88,1
290,23.25,23.25,23.25,23.25,23.62,23.62,23.62,23.62,23.62,23.62,1
291,23.99,23.99,23.99,23.99,23.99,23.99,24.35,24.35,24.35,24.35,1
292,24.72,24.72,24.72,24.72,25.09,25.09,25.09,25.09,25.09,25.46,1
293,25.83,25.83,25.83,25.83,26.2,26.2,26.2,26.2,26.2,26.57,1
294,26.94,26.94,26.94,26.94,27.31,27.31,27.31,27.31,27.68,27.68,1
295,28.04,28.04,28.04,28.04,28.41,28.41,28.41,28.41,28.78,28.78,1
296,29.52,29.52,29.52,29.52,29.52,29.52,29.52,29.52,29.89,29.89,1
297,30.26,30.26,30.26,30.63,30.63,30.63,30.63,30.63,31.0,31.0,1
298,31.37,31.37,31.37,31.37,31.73,31.73,31.73,31.73,31.73,31.73,1
299,32.1,32.1,32.47,32.47,32.47,32.47,32.47,32.84,32.84,32.84,1
300,33.21,33.21,33.21,33.21,33.58,33.58,33.58,33.58,33.58,33.58,1
301,33.95,33.95,33.95,33.95,34.32,34.32,34.32,34.32,34.69,34.69,1
302,35.06,35.06,35.06,35.06,35.06,35.06,35.06,35.42,35.42,35.42,1
303,35.79,35.79,35.79,35.79,35.79,35.79,35.79,36.16,36.16,36.16,1
304,36.53,36.53,36.53,36.53,36.53,36.53,36.53,36.53,36.9,36.9,1
305,37.27,37.27,37.27,37.27,37.27,37.64,37.64,37.64,38.01,38.01,1
306,38.38,38.38,38.38,38.38,38.38,38.38,38.38,38.38,38.75,38.75,1
307,39.11,39.11,39.11,39.11,39.11,39.11,39.11,39.11,39.48,39.48,1
308,39.48,39.48,39.48,39.85,39.85,39.85,39.85,39.85,39.85,39.85,1
309,40.22,40.22,40.22,40.22,40.59,40.59,40.59,40.59,40.59,40.59,1
310,40.96,40.96,40.96,40.96,40.96,40.96,40.96,41.33,41.33,41.33,1
311,41.33,41.7,41.7,41.7,41.7,41.7,41.7,41.7,41.7,42.07,1
312,42.07,42.07,42.07,42.07,42.44,42.44,42.44,42.44,42.44,42.44,1
313,42.44,42.44,42.44,42.44,42.44,42.8,42.44,42.8,42.8,42.8,1
314,42.8,42.8,42.8,43.17,42.8,43.17,43.17,43.17,43.17,43.17,1
315,43.17,43.54,43.17,43.54,43.54,43.54,43.54,43.54,43.54,43.54,1
316,43.91,43.91,43.91,43.91,43.91,43.91,43.91,44.28,44.28,44.28,1
317,4.43,4.43,4.06,4.06,4.06,4.06,4.06,3.69,3.69,3.69,-1
318,3.32,3.32,3.32,3.32,3.32,3.32,3.32,3.32,3.32,3.32,-1
320,3.32,3.32,3.32,3.32,3.32,3.32,2.95,2.95,3.32,3.32,-1
321,3.32,3.32,3.32,3.69,3.69,3.32,3.69,3.69,3.69,3.69,-1
322,4.06,4.06,4.06,4.06,4.06,4.06,4.06,4.06,4.06,4.06,-1
323,4.43,4.43,4.43,4.43,4.43,4.43,4.43,4.8,4.8,4.8,-1
324,4.8,4.8,4.8,4.8,5.17,5.17,5.17,5.17,5.17,5.17,-1
325,5.17,5.17,5.17,5.17,4.8,4.8,4.8,4.8,4.8,4.8,-1
326,4.43,4.43,4.43,4.43,4.43,4.43,4.43,4.43,4.43,4.06,-1
329,3.69,3.69,3.69,3.69,4.06,3.69,3.69,3.69,3.69,3.69,-1
330,3.69,4.06,3.69,3.69,4.06,3.69,4.06,3.69,3.69,3.69,-1
331,3.69,3.69,3.69,3.69,3.69,3.69,3.69,3.69,3.69,3.69,-1
333,3.69,3.69,3.69,3.69,3.69,3.69,3.32,3.32,3.69,3.69,-1
334,3.69,3.32,3.32,3.32,3.32,3.32,3.32,3.32,3.32,3.32,-1
338,2.95,2.95,2.95,2.95,2.95,2.95,2.95,2.95,2.95,2.95,-1
342,2.95,2.95,2.95,2.95,2.95,2.58,2.95,2.58,2.95,2.58,-1
343,2.58,2.58,2.58,2.58,2.58,2.58,2.58,2.58,2.58,2.58,-1
361,2.58,2.58,2.58,2.58,2.95,2.95,2.95,2.95,2.95,2.95,1
362,3.69,3.69,3.69,3.69,4.06,4.06,4.06,4.06,4.43,4.43,1
363,5.54,5.54,5.54,5.54,5.9,5.9,6.27,6.27,6.27,7.01,1
364,8.49,8.86,9.23,9.23,9.59,9.96,9.96,9.96,10.33,10.33,1
365,10.7,11.07,11.07,11.07,11.44,11.44,11.44,11.44,11.44,11.81,1
366,12.18,12.18,12.18,12.18,12.18,12.55,12.55,12.55,12.55,12.92,1
367,13.28,13.28,13.28,13.28,13.28,13.65,13.65,13.65,13.65,13.65,1
368,14.02,14.02,14.02,14.02,14.39,14.39,14.39,14.39,14.39,14.76,1
369,14.76,15.13,14.76,15.13,15.13,15.13,15.13,15.13,15.13,15.13,1
370,15.5,15.5,15.87,15.87,15.87,15.87,16.24,16.24,16.24,16.24,1
371,16.61,16.61,16.61,16.97,16.97,16.97,16.97,16.97,16.97,16.97,1
372,17.34,17.34,17.34,17.71,17.34,17.71,17.71,17.71,17.71,17.71,1
373,18.08,18.08,18.08,18.08,18.08,18.45,18.45,18.08,18.45,18.45,1
374,18.45,18.82,18.82,18.82,18.82,18.82,18.82,18.82,18.82,18.82,1
375,19.19,19.19,19.19,19.19,19.19,19.56,19.56,19.56,19.56,19.56,1
376,19.93,19.56,19.93,19.93,19.93,19.93,19.93,19.93,19.93,19.93,1
377,20.3,20.3,20.3,20.3,20.3,20.3,20.3,20.3,20.66,20.66,1
378,20.66,20.66,20.66,20.66,20.66,20.66,21.03,20.66,21.03,20.66,1
379,21.03,21.03,21.03,21.03,21.03,21.03,21.03,21.03,21.03,21.4,1
380,21.4,21.4,21.4,21.4,21.4,21.4,21.77,21.77,21.77,21.77,1
381,21.77,22.14,22.14,22.14,22.14,22.14,22.14,22.14,22.14,22.14,1
382,22.51,22.51,22.51,22.51,22.51,22.51,22.51,22.51,22.51,22.88,1
383,22.88,22.88,22.88,23.25,23.25,23.25,23.25,23.25,23.25,23.62,1
384,23.99,23.62,23.99,23.99,23.99,23.99,23.99,23.99,24.35,24.35,1
385,24.72,24.72,24.72,24.72,24.72,24.72,24.72,24.72,25.09,25.09,1
386,25.46,25.46,25.83,25.83,25.83,25.83,26.2,26.2,26.2,26.2,1
387,26.57,26.57,26.57,26.94,26.94,26.94,26.94,27.31,27.31,27.31,1
388,28.04,28.04,28.04,28.04,28.04,28.04,28.04,28.41,28.41,28.41,1
389,28.78,28.78,28.78,28.78,29.15,29.15,29.15,29.15,29.15,29.52,1
390,29.89,29.89,29.89,29.89,30.26,30.26,30.26,30.26,30.26,30.26,1
391,30.63,30.63,31.0,31.0,31.0,31.0,31.0,31.0,31.37,31.37,1
392,31.73,31.73,31.73,31.73,31.73,32.1,31.73,32.1,32.1,32.1,1
393,32.47,32.47,32.47,32.47,32.84,32.84,32.84,32.84,32.84,32.84,1
395,33.95,33.95,33.95,34.32,34.32,34.32,34.32,34.69,34.32,34.69,1
396,35.06,35.06,35.06,35.06,35.42,35.42,35.42,35.42,35.42,35.42,1
397,35.79,35.79,35.79,35.79,36.16,36.16,36.16,36.16,36.16,36.16,1
398,36.53,36.53,36.53,36.53,36.53,36.53,36.53,36.53,36.53,36.53,1
399,36.9,36.9,36.9,36.9,37.27,37.27,37.27,37.27,37.27,37.27,1
400,37.64,37.64,37.64,37.64,37.64,37.64,37.64,37.64,38.01,38.01,1
401,38.75,38.75,38.75,38.75,38.75,38.75,38.75,39.11,39.11,39.11,1
402,39.48,39.48,39.48,39.48,39.48,39.48,39.48,39.48,39.85,39.85,1
403,39.85,39.85,39.85,39.85,39.85,39.85,39.85,40.22,39.85,40.22,1
404,40.22,40.22,40.22,40.22,40.22,40.59,40.59,40.59,40.59,40.59,1
405,40.96,40.96,40.96,40.96,40.96,40.96,40.96,40.96,40.96,40.96,1
406,41.33,41.33,41.33,41.33,41.33,41.33,41.33,41.33,41.33,41.33,1
407,41.7,41.7,41.7,41.7,41.7,41.7,41.7,41.7,42.07,42.07,1
408,42.07,42.07,42.07,42.44,42.44,42.44,42.44,42.44,42.44,42.44,1
409,4.06,3.69,3.69,3.69,3.69,3.32,3.69,3.32,3.32,3.32,-1
411,3.32,3.32,3.32,2.95,3.32,2.95,2.95,2.95,2.95,3.32,-1
413,3.32,3.32,3.32,3.32,3.32,3.32,3.32,2.95,3.32,3.32,-1
421,3.32,3.32,3.32,3.32,3.69,3.69,3.69,3.69,3.32,3.69,-1
425,4.06,4.06,4.06,4.06,4.06,4.06,4.06,4.06,4.43,4.06,-1
426,4.43,4.06,4.06,4.06,4.43,4.06,4.06,4.06,4.43,4.06,-1
427,4.43,4.43,4.43,4.43,4.43,4.43,4.06,4.43,4.43,4.06,-1
428,4.43,4.43,4.43,4.43,4.43,4.43,4.43,4.06,4.43,4.06,-1
430,4.06,4.06,4.06,4.06,4.06,4.06,3.69,3.69,3.69,3.69,-1
432,3.69,3.69,3.69,3.69,3.69,3.69,3.69,3.32,3.69,3.32,-1
435,3.32,3.32,3.32,3.32,3.32,3.32,2.95,3.32,3.32,3.32,-1
436,3.32,2.95,3.32,3.32,3.32,2.95,3.32,3.32,3.32,2.95,-1
437,3.32,2.95,3.32,2.95,2.95,2.95,2.95,2.95,3.32,2.95,-1
440,3.32,2.95,2.95,2.95,2.95,2.95,2.95,2.95,2.95,2.95,-1
449,2.95,2.95,2.95,2.95,2.95,2.58,2.95,2.95,2.95,2.58,-1
450,2.95,2.95,2.58,2.58,2.95,2.95,2.58,2.95,2.95,2.58,-1
451,2.58,2.58,2.58,2.58,2.95,2.58,2.58,2.58,2.95,2.58,-1
453,2.95,2.58,2.58,2.58,2.58,2.58,2.58,2.58,2.58,2.58,-1
454,2.58,2.58,2.58,2.58,2.95,2.58,2.58,2.58,2.58,2.58,-1
455,3.69,3.69,3.69,3.69,4.06,4.43,4.43,4.8,5.9,5.9,1
456,7.01,7.01,7.38,7.38,8.12,8.12,8.12,8.12,8.49,8.49,1
457,9.23,9.23,9.23,9.23,9.59,9.96,9.96,9.96,10.33,10.33,1
458,11.07,10.7,10.7,11.07,11.07,11.07,11.44,11.44,11.81,11.81,1
459,12.55,12.55,12.55,12.55,12.92,12.92,12.92,13.28,13.28,13.28,1
460,14.02,14.02,14.02,14.02,14.39,14.39,14.39,14.39,14.76,14.76,1
461,15.13,15.13,15.13,15.13,15.5,15.5,15.5,15.5,15.87,15.87,1
462,16.24,16.61,16.61,16.61,16.61,16.61,16.61,16.61,16.97,16.97,1
463,17.34,17.34,17.34,17.34,17.71,17.71,17.71,17.71,17.71,17.71,1
464,18.08,18.08,18.08,18.08,18.45,18.45,18.45,18.45,18.45,18.45,1
465,18.82,18.82,18.82,18.82,18.82,18.82,18.82,18.82,19.19,19.19,1
466,19.19,19.19,19.19,19.19,19.56,19.56,19.56,19.56,19.56,19.56,1
467,19.93,19.93,19.93,19.93,19.93,19.93,19.93,19.93,20.3,20.3,1
468,20.66,20.3,20.3,20.3,20.66,20.66,20.66,20.66,20.66,20.66,1
469,21.03,21.03,21.03,21.03,21.03,21.03,21.03,21.03,21.03,21.03,1
470,21.4,21.4,21.4,21.4,21.4,21.4,21.4,21.77,21.77,21.77,1
471,22.14,21.77,21.77,21.77,22.14,22.14,22.14,22.14,22.14,22.14,1
472,22.51,22.51,22.51,22.51,22.51,22.51,22.51,22.51,22.88,22.88,1
473,22.88,22.88,23.25,23.25,23.25,23.25,23.25,23.25,23.25,23.62,1
474,24.35,24.35,24.35,24.35,24.72,24.72,24.72,24.72,25.09,25.09,1
477,28.04,28.04,28.04,28.04,28.41,28.41,28.41,28.41,28.41,28.78,1
478,29.15,29.15,29.15,29.15,29.52,29.52,29.52,29.52,29.52,29.52,1
479,29.89,29.89,30.26,30.26,30.63,30.63,30.63,30.63,30.63,31.0,1
480,31.0,31.37,31.37,31.37,31.37,31.37,31.37,31.37,31.73,31.73,1
481,32.1,32.1,32.1,32.1,32.1,32.1,32.47,32.47,32.47,32.47,1
482,32.84,32.84,32.84,32.84,32.84,32.84,32.84,33.21,33.21,33.21,1
483,33.58,33.58,33.58,33.58,33.58,33.95,33.95,33.95,33.95,33.95,1
484,34.32,34.32,34.32,34.32,34.32,34.32,34.32,34.32,34.32,34.69,1
485,34.69,34.69,34.69,34.69,35.06,35.06,35.06,35.06,35.06,35.06,1
486,35.42,35.42,35.42,35.42,35.42,35.42,35.42,35.42,35.42,35.79,1
487,35.79,35.79,35.79,35.79,35.79,35.79,36.16,36.16,36.16,36.16,1
488,36.53,36.16,36.53,36.53,36.53,36.53,36.53,36.53,36.53,36.53,1
489,36.9,36.9,36.9,36.9,36.9,36.9,37.27,36.9,37.27,37.27,1
490,37.27,37.27,37.27,37.27,37.27,37.64,37.64,37.64,37.64,37.64,1
491,38.01,38.01,38.01,38.01,38.01,38.01,38.01,38.01,38.01,38.38,1
492,38.38,38.38,38.75,38.38,38.75,38.75,38.75,38.75,38.75,38.75,1
493,39.11,39.11,39.11,39.11,39.11,39.48,39.48,39.48,39.11,39.11,1
494,39.48,39.48,39.48,39.48,39.48,39.85,39.85,39.85,39.85,39.85,1
495,39.85,39.85,39.85,39.85,39.85,40.22,40.22,40.22,40.22,40.22,1
497,40.59,40.59,40.59,40.59,40.96,40.96,40.96,40.96,40.96,40.96,1
499,41.33,41.33,41.33,41.7,41.7,41.7,41.7,41.7,41.7,41.7,1
500,41.7,41.7,41.7,41.7,41.7,42.07,42.07,42.07,41.7,42.07,1
501,3.69,3.69,3.69,3.32,3.32,3.32,3.32,3.32,3.32,3.32,-1
506,10.7,10.7,10.7,10.7,10.7,10.7,10.7,10.7,10.7,10.7,-1
509,10.7,10.7,10.7,10.7,10.33,10.7,10.7,10.7,10.7,10.7,-1
510,10.7,10.7,10.7,10.7,10.33,10.7,10.7,10.7,10.7,10.33,-1
511,10.7,10.33,10.33,10.7,10.7,10.7,10.33,10.33,10.33,10.33,-1
512,10.33,10.33,10.33,10.33,10.33,10.33,10.33,10.33,10.33,10.33,-1
515,10.33,10.33,10.33,10.33,10.33,10.33,10.7,10.33,10.7,10.33,-1
516,10.7,10.7,10.7,10.33,10.7,10.7,10.7,10.33,10.7,10.7,-1
520,10.33,10.33,10.33,10.33,10.7,10.33,10.33,10.33,10.7,10.7,-1
521,10.33,10.33,10.33,10.33,10.33,10.33,10.33,10.33,9.96,9.96,-1
522,11.44,11.44,11.44,11.44,11.81,11.81,11.81,11.81,12.18,12.18,1
523,14.02,14.02,14.02,14.02,14.02,14.39,14.39,14.39,14.76,14.76,1
524,15.13,15.13,15.5,15.5,15.5,15.5,15.87,15.5,15.87,15.87,1
525,16.61,16.61,16.61,16.61,16.61,16.97,16.97,16.97,16.97,16.97,1
526,17.71,17.71,17.71,17.71,17.71,17.71,18.08,18.08,18.08,18.08,1
527,18.82,18.82,18.82,18.82,18.82,19.19,19.19,19.19,19.19,19.19,1
528,19.56,19.93,19.93,19.93,19.93,19.93,19.93,19.93,20.3,20.3,1
529,20.66,20.66,20.66,20.66,20.66,21.03,21.03,21.03,21.03,21.03,1
530,21.4,21.4,21.4,21.4,21.77,21.77,21.77,21.77,21.77,22.14,1
531,22.14,22.14,22.14,22.14,22.51,22.51,22.51,22.51,22.51,22.51,1
532,22.88,22.88,22.88,22.88,23.25,23.25,23.25,23.25,23.25,23.25,1
533,23.62,23.62,23.62,23.62,23.62,23.62,23.62,23.99,23.99,23.99,1
534,23.99,24.35,24.35,24.35,24.35,24.35,24.35,24.35,24.35,24.35,1
535,24.72,24.72,24.72,24.72,25.09,25.09,25.09,25.09,25.09,25.09,1
536,25.46,25.46,25.46,25.46,25.46,25.46,25.46,25.46,25.46,25.46,1
537,25.83,25.83,25.83,25.83,25.83,25.83,26.2,25.83,25.83,26.2,1
538,26.2,26.57,26.57,26.57,26.57,26.57,26.57,26.57,26.57,26.57,1
539,26.94,26.94,26.94,26.94,26.94,27.31,26.94,26.94,27.31,27.31,1
540,27.31,27.31,27.68,27.68,27.68,27.68,27.68,27.68,27.68,27.68,1
541,28.04,28.04,28.04,28.04,28.04,28.04,28.04,28.04,28.04,28.04,1
542,28.41,28.41,28.41,28.41,28.41,28.41,28.41,28.41,28.41,28.78,1
543,29.15,29.15,28.78,29.15,29.15,29.15,29.15,29.15,29.15,29.15,1
544,29.52,29.52,29.52,29.52,29.52,29.52,29.52,29.52,29.52,29.89,1
545,29.89,30.26,30.26,30.26,30.26,30.26,30.26,30.26,30.26,30.63,1
546,30.63,30.63,31.0,31.0,31.0,31.0,31.0,31.0,31.0,31.0,1
548,32.1,32.1,32.47,32.1,32.47,32.47,32.47,32.47,32.47,32.47,1
549,32.84,32.84,32.84,32.84,32.84,33.21,33.21,33.21,33.21,33.21,1
550,33.58,33.58,33.58,33.58,33.95,33.95,33.95,33.95,33.95,34.32,1
551,34.32,34.69,34.69,34.69,34.69,34.69,34.69,34.69,35.06,35.06,1
552,35.42,35.42,35.42,35.42,35.42,35.42,35.79,35.79,35.79,35.79,1
553,36.16,36.16,36.16,36.16,36.53,36.53,36.53,36.53,36.53,36.53,1
554,36.9,36.9,36.9,36.9,36.9,37.27,37.27,37.27,37.27,37.27,1
555,37.64,37.64,37.64,37.64,38.01,38.01,38.01,38.01,38.38,38.38,1
556,38.38,38.38,38.75,38.75,38.75,38.75,38.75,39.11,39.11,39.11,1
557,39.48,39.48,39.48,39.48,39.48,39.48,39.48,39.85,39.85,39.85,1
558,40.22,40.22,40.22,40.22,40.22,40.22,40.59,40.59,40.59,40.59,1
559,40.96,40.96,40.96,40.96,41.33,41.33,41.33,41.33,41.33,41.33,1
560,41.7,41.7,41.7,41.7,42.07,42.07,42.07,42.07,42.07,42.07,1
561,42.44,42.44,42.44,42.44,42.44,42.44,42.44,42.44,42.44,42.8,1
562,42.8,42.8,42.8,42.8,43.17,43.17,43.17,43.17,43.17,43.17,1
563,43.54,43.54,43.54,43.54,43.54,43.54,43.91,43.54,43.91,43.91,1
564,44.28,44.28,44.28,44.28,44.28,44.28,44.28,44.28,44.65,44.65,1
565,44.65,44.65,44.65,45.02,45.02,44.65,45.02,45.02,45.02,45.02,1
566,45.39,45.39,45.39,45.39,45.39,45.39,45.39,45.39,45.39,45.76,1
567,45.76,45.76,45.76,45.76,45.76,46.13,46.13,46.13,46.13,46.13,1
568,19.56,18.45,16.61,15.5,12.92,12.55,12.18,11.81,11.44,11.07,-1
569,10.7,10.33,10.33,10.33,10.33,10.33,10.33,10.33,10.33,10.33,-1
570,9.96,9.96,9.96,9.96,9.96,9.96,9.96,9.96,9.96,9.96,-1
574,10.33,10.33,10.7,10.7,10.7,10.7,10.7,10.7,10.7,10.7,-1
575,11.07,11.07,11.07,11.07,11.07,11.07,11.07,11.07,11.07,11.07,-1
576,11.44,11.44,11.44,11.44,11.44,11.44,11.44,11.44,11.44,11.44,-1
582,10.7,10.7,10.7,10.33,10.33,10.33,10.7,10.33,10.33,10.33,-1
585,10.33,10.33,10.33,10.33,10.33,10.33,9.96,9.96,9.96,9.96,-1
588,9.59,9.59,9.59,9.59,9.59,9.59,9.59,9.59,9.59,9.59,-1
590,9.23,9.23,9.23,9.23,9.23,9.23,9.23,9.23,9.23,9.23,-1
593,9.59,9.23,9.23,9.59,9.23,9.23,9.23,9.23,9.23,9.23,-1
594,9.23,9.59,9.59,9.59,9.23,9.59,9.59,9.59,9.59,9.23,-1
595,9.23,9.23,9.23,9.59,9.59,9.23,9.59,9.23,9.23,9.23,-1
600,9.23,9.23,9.23,9.23,9.23,8.86,8.86,9.23,9.23,9.23,-1
601,9.23,8.86,8.86,9.23,9.23,8.86,8.86,9.23,8.86,8.86,-1
602,8.86,9.23,8.86,8.86,8.86,8.86,8.86,8.86,8.86,8.86,-1
603,8.86,8.86,8.86,8.86,8.86,8.86,8.86,8.86,8.86,8.86,-1
605,9.23,8.86,8.86,8.86,8.86,8.86,8.86,8.86,8.86,8.86,-1
607,8.86,8.86,8.86,8.86,8.86,9.23,8.86,8.86,8.86,8.86,-1
609,8.86,9.23,8.86,8.86,9.23,9.23,9.23,9.23,9.23,9.23,-1
612,9.23,9.23,9.59,9.59,9.59,9.59,9.59,9.59,9.59,9.59,-1
615,9.59,9.59,9.59,9.59,9.23,9.23,9.23,9.23,9.59,9.23,-1
616,9.96,9.96,10.33,10.33,10.33,10.7,10.7,10.7,11.07,11.07,1
617,11.81,11.81,11.81,11.81,12.18,12.18,12.18,12.55,12.18,12.92,1
618,13.28,13.28,13.65,13.65,14.02,14.02,14.02,14.02,14.39,14.39,1
619,15.13,15.13,15.13,15.13,15.5,15.5,15.5,15.5,15.5,15.5,1
620,16.24,16.24,16.24,16.24,16.24,16.61,16.61,16.61,16.61,16.61,1
621,17.34,17.34,17.34,17.34,17.71,17.71,17.71,17.71,17.71,18.08,1
622,18.45,18.45,18.45,18.45,18.82,18.82,18.82,18.82,18.82,19.19,1
623,19.56,19.56,19.56,19.56,19.56,19.93,19.93,19.93,19.93,19.93,1
624,20.3,20.3,20.3,20.66,20.66,20.66,20.66,20.66,20.66,21.03,1
625,21.4,21.4,21.03,21.4,21.4,21.4,21.4,21.4,21.4,21.77,1
626,21.77,21.77,22.14,22.14,22.14,22.14,22.14,22.14,22.14,22.14,1
627,22.88,22.51,22.88,22.88,22.88,22.88,22.88,23.25,23.25,23.25,1
628,23.62,23.62,23.62,23.62,23.62,23.62,23.62,23.62,23.62,23.62,1
629,23.99,23.99,23.99,23.99,24.35,24.35,24.35,24.35,24.35,24.35,1
630,24.72,24.72,24.72,24.72,24.72,24.72,24.72,24.72,24.72,24.72,1
631,25.09,25.09,25.09,25.09,25.09,25.09,25.09,25.09,25.09,25.09,1
632,25.46,25.46,25.46,25.46,25.46,25.46,25.46,25.46,25.83,25.83,1
633,25.83,25.83,25.83,25.83,26.2,26.2,26.2,26.2,26.2,26.2,1
634,26.57,26.57,26.57,26.57,26.57,26.57,26.57,26.57,26.94,26.57,1
635,26.94,26.94,26.94,26.94,26.94,26.94,26.94,27.31,27.31,27.31,1
636,27.31,27.31,27.31,27.68,27.68,27.68,27.68,27.68,27.68,28.04,1
637,28.04,28.04,28.04,28.04,28.41,28.41,28.41,28.41,28.78,28.41,1
638,28.78,28.78,28.78,28.78,29.15,29.15,29.15,29.15,29.52,29.52,1
639,29.89,29.89,29.89,29.89,29.89,29.89,29.89,30.26,30.26,30.26,1
640,30.63,30.63,30.63,30.63,31.0,31.0,31.0,31.0,31.0,31.0,1
641,31.37,31.37,31.37,31.37,31.73,31.73,31.73,31.73,32.1,32.1,1
642,32.1,32.1,32.47,32.47,32.47,32.47,32.47,32.47,32.84,32.84,1
643,33.21,33.21,33.21,33.21,33.58,33.21,33.58,33.58,33.58,33.58,1
644,33.95,33.95,33.95,33.95,34.32,34.32,34.32,34.32,34.32,34.32,1
646,35.42,35.42,35.42,35.42,35.42,35.79,35.42,35.79,35.79,35.79,1
647,36.16,36.16,36.16,36.16,36.16,36.16,36.53,36.16,36.53,36.53,1
648,36.9,36.9,36.9,36.9,36.9,36.9,36.9,36.9,36.9,36.9,1
649,37.27,37.27,37.27,37.27,37.64,37.64,37.64,37.64,37.64,37.64,1
650,38.01,38.01,38.01,38.01,38.01,38.01,38.01,38.01,38.38,38.38,1
651,38.38,38.75,38.75,38.75,38.75,38.75,38.75,38.75,38.75,38.75,1
652,39.11,39.11,39.11,39.11,39.48,39.48,39.48,39.48,39.48,39.48,1
653,39.85,39.85,39.85,39.85,39.85,39.85,39.85,39.85,39.85,40.22,1
655,40.96,40.96,40.96,40.96,40.96,40.96,40.96,40.96,40.96,41.33,1
656,41.33,41.33,41.33,41.33,41.7,41.7,41.7,41.7,41.7,41.7,1
657,42.07,42.07,42.07,42.07,42.07,42.07,42.07,42.07,42.07,42.44,1
658,42.44,42.44,42.44,42.44,42.44,42.44,42.44,42.44,42.44,42.44,1
659,42.8,42.8,42.8,42.8,42.8,43.17,42.8,42.8,43.17,43.17,1
660,43.17,43.17,43.17,43.17,43.17,43.17,43.17,43.17,43.54,43.54,1
661,43.54,43.54,43.54,43.54,43.54,43.91,43.91,43.91,43.91,43.91,1
662,43.91,43.91,43.91,43.91,43.91,44.28,44.28,44.28,44.28,44.28,1
663,14.76,14.02,13.28,12.92,11.81,11.81,11.81,11.44,11.44,11.07,-1
664,10.7,10.7,10.7,10.7,10.7,10.7,10.33,10.7,10.33,10.33,-1
669,10.33,10.33,10.33,10.33,10.7,10.33,10.7,10.7,10.33,10.7,-1
670,10.7,10.7,10.33,10.7,10.7,10.33,10.33,10.7,10.33,10.33,-1
673,10.7,10.33,10.33,10.7,10.7,10.7,10.33,10.33,10.7,10.33,-1
674,10.33,10.7,10.7,10.7,10.7,10.7,10.7,10.33,10.7,10.7,-1
675,10.7,10.7,10.7,10.7,10.7,10.7,10.7,10.33,10.33,10.7,-1
682,10.33,10.33,10.33,10.33,10.33,10.33,10.33,10.33,10.7,10.7,-1
686,10.7,10.7,10.7,10.33,10.7,10.7,10.7,10.7,10.7,10.7,-1
687,10.33,10.7,10.7,10.7,10.33,10.7,10.7,10.33,10.7,10.7,-1
689,10.7,10.7,10.7,10.7,10.7,10.7,10.33,10.33,10.33,10.33,-1
693,10.33,10.33,10.33,9.96,10.33,10.33,10.33,10.33,10.33,10.33,-1
698,10.33,10.33,10.7,10.33,10.33,10.33,10.33,10.33,10.33,10.33,-1
699,10.33,10.7,10.7,10.33,10.33,10.7,10.7,10.7,10.7,10.33,-1
700,10.7,10.7,10.7,10.33,10.7,10.7,10.7,10.33,10.33,10.33,-1
701,10.7,10.7,10.33,10.7,10.7,10.7,10.7,10.7,10.7,10.7,-1
702,10.7,10.7,10.7,10.7,10.7,10.7,10.33,10.33,10.7,10.7,-1
703,10.33,10.7,10.33,10.7,10.7,10.33,10.7,10.33,10.7,10.33,-1
706,10.33,10.7,10.33,10.7,10.7,10.33,10.33,10.33,10.33,10.33,-1
709,9.96,9.96,9.96,9.96,10.33,10.33,10.7,10.33,10.7,11.07,1
710,11.81,11.81,11.81,11.81,12.18,12.18,12.18,12.18,12.55,12.55,1
711,13.28,13.28,13.28,13.28,13.65,13.65,13.65,14.02,14.02,14.02,1
712,14.76,14.76,14.76,14.76,15.13,15.13,15.13,15.13,15.5,15.5,1
713,16.24,16.24,16.24,16.24,16.61,16.61,16.61,16.61,16.97,16.97,1
714,17.34,17.34,17.71,17.71,17.71,17.71,17.71,18.08,18.08,18.08,1
715,18.45,18.45,18.45,18.45,18.82,18.82,18.82,18.82,19.19,19.19,1
716,19.56,19.19,19.56,19.56,19.56,19.56,19.93,19.93,19.93,19.93,1
717,20.3,20.3,20.3,20.3,20.66,20.66,20.66,20.66,20.66,20.66,1
718,21.03,21.03,21.03,21.03,21.4,21.4,21.4,21.4,21.4,21.4,1
719,21.77,21.77,21.77,21.77,21.77,21.77,21.77,22.14,22.14,22.14,1
720,22.14,22.51,22.51,22.14,22.51,22.51,22.51,22.51,22.51,22.51,1
722,23.62,23.62,23.62,23.62,23.62,23.62,23.62,23.62,23.99,23.99,1
723,24.35,24.35,24.35,24.35,24.35,24.35,24.35,24.35,24.35,24.72,1
725,25.46,25.46,25.46,25.46,25.46,25.46,25.46,25.83,25.83,25.83,1
726,25.83,25.83,26.2,26.2,26.2,26.2,26.2,26.2,26.2,26.57,1
727,26.57,26.57,26.57,26.57,26.94,26.94,26.94,26.94,26.94,27.31,1
728,27.31,27.31,27.31,27.31,27.68,27.68,27.68,27.68,27.68,27.68,1
729,28.04,28.04,28.04,28.04,28.04,28.04,28.04,28.04,28.41,28.41,1
730,28.41,28.41,28.41,28.41,28.78,28.78,28.78,28.78,28.78,29.15,1
731,29.15,29.15,29.52,29.15,29.52,29.52,29.52,29.52,29.52,29.52,1
734,31.37,31.37,31.37,31.37,31.37,31.73,31.73,31.73,31.73,31.73,1
735,32.1,32.1,32.1,32.1,32.1,32.47,32.47,32.47,32.47,32.47,1
736,32.84,32.84,32.84,32.84,32.84,33.21,32.84,32.84,33.21,33.21,1
737,33.21,33.21,33.58,33.58,33.58,33.58,33.58,33.58,33.58,33.95,1
738,33.95,33.95,33.95,33.95,34.32,33.95,33.95,34.32,34.32,34.32,1
739,34.69,34.69,34.69,34.69,34.69,34.69,34.69,34.69,34.69,35.06,1
741,35.79,35.79,35.79,35.79,35.79,36.16,35.79,35.79,36.16,36.16,1
743,36.9,36.9,36.9,37.27,37.27,37.27,37.27,37.27,37.27,37.27,1
744,37.64,37.64,37.64,37.64,38.01,38.01,38.01,38.01,38.01,38.01,1
745,38.38,38.38,38.38,38.38,38.38,38.38,38.38,38.38,38.38,38.38,1
746,38.75,38.75,38.75,38.75,39.11,39.11,39.11,39.11,39.11,39.11,1
748,39.85,39.85,39.85,40.22,40.22,40.22,40.22,40.22,40.22,40.22,1
749,40.59,40.59,40.59,40.59,40.59,40.59,40.59,40.59,40.96,40.96,1
750,41.33,40.96,41.33,41.33,41.33,41.33,41.33,41.33,41.33,41.33,1
752,42.44,42.44,42.44,42.44,42.44,42.44,42.44,42.44,42.8,42.8,1
753,42.8,42.8,42.8,42.8,42.8,42.8,43.17,43.17,43.17,43.17,1
754,43.17,43.17,43.54,43.17,43.54,43.54,43.54,43.54,43.54,43.17,1
755,13.65,12.92,12.55,12.18,11.07,11.07,11.07,11.07,10.7,10.7,-1
756,10.33,10.33,10.33,10.33,10.33,10.33,10.33,9.96,10.33,10.33,-1
757,10.33,9.96,9.96,9.96,9.96,10.33,9.96,9.96,9.96,9.96,-1
758,9.96,10.33,9.96,10.33,10.33,9.96,10.33,10.33,10.33,10.33,-1
761,11.07,10.7,11.07,11.07,11.07,11.07,11.07,11.07,11.07,11.07,-1
763,11.44,11.44,11.44,11.44,11.44,11.07,11.44,11.44,11.44,11.44,-1
766,11.07,11.44,11.07,11.07,11.44,11.07,11.07,11.44,11.07,11.07,-1
767,7.66,7.66,7.66,7.66,7.66,7.66,7.66,7.66,7.66,7.66,-1
768,7.66,7.66,7.66,7.66,7.66,7.66,7.66,7.66,7.66,8.09,-1
777,7.66,7.66,7.66,8.09,7.66,7.66,7.66,7.66,7.66,7.66,-1
805,7.66,7.66,7.66,7.66,7.66,8.09,7.66,7.66,7.66,7.66,-1
849,7.66,8.09,7.66,7.66,7.66,7.66,7.66,7.66,7.66,7.66,-1
877,1.65,1.65,1.65,1.65,1.65,1.65,1.65,1.65,1.65,1.65,-1
881,1.65,1.65,1.65,1.65,1.65,1.65,1.65,1.65,1.65,1.23,-1
885,1.65,1.23,1.65,1.65,1.65,1.23,1.65,1.65,1.65,1.65,-1
889,1.65,1.23,1.65,1.65,1.65,1.65,1.65,1.65,1.65,1.65,-1
891,1.65,1.65,1.65,1.23,1.65,1.65,1.65,1.65,1.65,1.65,-1
892,1.23,1.23,1.23,1.65,1.65,1.65,1.65,1.65,1.65,1.65,-1
894,1.65,1.65,1.65,1.65,1.65,1.23,1.65,1.65,1.65,1.65,-1
896,1.65,1.65,1.65,1.65,1.23,1.65,1.65,1.65,1.65,1.65,-1
902,1.65,1.65,1.65,1.65,1.65,1.65,1.23,1.23,1.65,1.65,-1
903,1.65,1.65,1.65,1.65,1.65,1.23,1.65,1.65,1.23,1.65,-1
905,1.23,1.23,1.65,1.65,1.65,1.23,1.65,1.65,1.65,1.65,-1
908,1.65,1.65,1.65,1.65,1.65,1.65,1.23,1.65,1.65,1.65,-1
919,1.65,1.65,1.65,1.65,1.65,1.65,1.65,1.65,1.23,1.65,-1
924,1.65,1.65,1.65,1.65,1.23,1.23,1.65,1.65,1.23,1.65,-1
928,1.23,1.65,1.65,1.65,1.65,1.23,1.23,1.65,1.65,1.65,-1
933,1.65,1.65,1.65,1.65,1.65,1.65,1.65,1.23,1.65,1.65,-1
935,1.23,1.65,1.65,1.65,1.65,1.65,1.65,1.65,1.65,1.65,-1
946,1.23,1.65,1.65,1.65,1.65,1.65,1.65,1.23,1.65,1.65,-1
952,1.23,1.65,1.65,1.23,1.65,1.65,1.65,1.23,1.65,1.65,-1
958,1.23,1.65,1.65,1.65,1.65,1.65,1.65,1.65,1.65,1.23,-1
961,1.23,1.65,1.23,1.65,1.65,1.65,1.65,1.65,1.65,1.65,-1
967,1.23,1.23,1.65,1.23,1.65,1.65,1.23,1.65,1.65,1.65,-1
968,1.65,1.65,1.23,1.65,1.65,1.65,1.65,1.23,1.65,1.65,-1
971,1.65,1.65,1.23,1.65,1.65,1.23,1.65,1.65,1.65,1.65,-1
988,1.65,1.23,1.65,1.23,1.65,1.65,1.23,1.23,1.65,1.65,-1
992,1.65,1.65,1.65,1.23,1.65,1.65,1.65,1.23,1.65,1.65,-1
998,1.23,1.65,1.65,1.65,1.65,1.65,1.23,1.65,1.65,1.23,-1
1006,1.23,1.23,1.65,1.65,1.65,1.65,1.65,1.65,1.65,1.65,-1
1011,1.65,1.65,1.65,1.65,1.23,1.65,1.65,1.65,1.23,1.65,-1
1015,1.23,1.65,1.23,1.65,1.65,1.23,1.65,1.65,1.23,1.65,-1
1019,1.65,1.65,1.65,1.23,1.65,1.65,1.65,1.65,1.65,1.23,-1
1022,1.65,1.65,1.23,1.65,1.23,1.65,1.65,1.65,1.65,1.65,-1
1023,1.65,1.23,1.23,1.65,1.65,1.65,1.65,1.65,1.65,1.65,-1
1024,1.65,1.65,1.23,1.65,1.65,1.65,1.65,1.65,1.65,1.23,-1
1026,1.65,1.23,1.23,1.65,1.23,1.65,1.23,1.65,1.65,1.65,-1
1027,1.65,1.23,1.65,1.65,1.65,1.65,1.65,1.65,1.23,1.65,-1
1028,1.65,1.65,1.65,1.65,1.65,1.65,1.65,1.23,1.23,1.65,-1
1029,1.65,1.65,1.65,1.65,1.65,1.23,1.65,1.23,1.65,1.65,-1
1030,1.23,1.65,1.23,1.23,1.65,1.23,1.65,1.65,1.23,1.23,-1
1032,1.65,1.23,1.23,1.65,1.23,1.65,1.23,1.65,1.23,1.23,-1
1033,1.23,1.23,1.65,1.65,1.65,1.23,1.65,1.65,1.23,1.65,-1
1036,1.65,1.65,1.23,1.23,1.65,1.65,1.65,1.65,1.65,1.65,-1
1037,1.23,1.65,1.23,1.65,1.23,1.65,1.65,1.65,1.65,1.23,-1
1038,1.65,1.65,1.65,1.23,1.65,1.23,1.65,1.23,1.65,1.65,-1
1042,1.65,1.65,1.23,1.65,1.65,1.65,1.65,1.65,1.65,1.65,-1
1077,2.07,2.07,2.07,1.65,2.07,2.07,1.65,1.65,1.65,2.07,-1
1078,1.65,2.07,1.65,2.07,2.07,1.65,2.07,1.65,2.07,1.65,-1
1079,2.07,2.07,2.07,2.07,2.07,2.07,2.07,2.07,2.07,2.07,-1
1081,1.65,2.07,1.65,1.65,2.07,2.07,1.65,1.65,2.07,2.07,-1
1082,1.65,2.07,1.65,2.07,2.07,2.07,2.07,2.07,1.65,1.65,-1
1083,2.07,1.65,1.65,1.65,2.07,1.65,2.07,1.65,2.07,2.07,-1
1084,2.07,2.07,1.65,1.65,2.07,2.07,2.07,2.07,2.07,2.07,-1
1085,2.07,1.65,1.65,1.65,2.07,2.07,1.65,2.07,2.07,2.07,-1
1086,2.07,2.07,1.65,1.65,1.65,2.07,2.07,2.07,2.07,1.65,-1
1087,2.07,1.65,1.65,1.65,2.07,2.07,2.07,1.65,2.07,1.65,-1
1088,2.07,2.07,2.07,2.07,1.65,1.65,2.07,2.07,2.07,2.07,-1
1089,2.07,1.65,1.65,2.07,2.07,2.07,1.65,1.65,2.07,1.65,-1
1090,1.65,1.65,1.65,1.65,2.07,1.65,1.65,2.07,1.65,1.65,-1
1091,1.65,2.07,2.07,2.07,1.65,2.07,1.65,1.65,2.07,1.65,-1
1092,2.07,2.07,1.65,2.07,1.65,2.07,2.07,2.07,2.07,1.65,-1
1093,1.65,2.07,2.07,2.07,1.65,2.07,2.07,1.65,2.07,1.65,-1
1094,1.65,1.65,2.07,1.65,1.65,1.65,1.65,1.65,2.07,2.07,-1
1095,1.65,2.07,2.07,2.07,2.07,2.07,2.07,2.07,2.07,2.07,-1
1096,2.07,2.07,2.07,2.07,1.65,1.65,2.07,1.65,2.07,1.65,-1
1097,2.07,1.65,2.07,1.65,1.65,1.65,2.07,2.07,2.07,2.07,-1
1098,2.07,1.65,1.65,1.65,2.07,2.07,2.07,2.07,2.07,1.65,-1
1099,2.07,2.07,1.65,2.07,2.07,2.07,2.07,2.07,2.07,2.07,-1
1100,2.07,2.07,2.07,2.07,1.65,2.07,2.07,2.07,2.07,2.07,-1
1101,2.07,2.07,2.07,2.07,1.65,2.07,1.65,1.65,2.07,2.07,-1
1102,1.65,1.65,1.65,1.65,1.65,2.07,2.07,1.65,1.65,2.07,-1
1103,2.07,1.65,2.07,1.65,1.65,2.07,2.07,1.65,1.65,2.07,-1
1105,2.07,2.07,2.07,1.65,2.07,2.07,2.07,2.07,2.07,1.65,-1
1106,2.07,2.07,2.07,1.65,1.65,2.07,2.07,2.07,2.07,2.07,-1
1107,2.07,2.07,2.07,2.07,2.07,2.07,2.07,1.65,1.65,2.07,-1
1108,2.07,1.65,2.07,2.07,1.65,1.65,2.07,2.07,1.65,2.07,-1
1109,1.65,2.07,2.07,1.65,2.07,2.07,2.07,1.65,1.65,2.07,-1
1110,1.65,1.65,2.07,2.07,1.65,2.07,1.65,1.65,1.65,2.07,-1
1111,2.07,2.07,1.65,2.07,2.07,2.07,2.07,1.65,1.65,2.07,-1
1112,2.07,2.07,1.65,2.07,1.65,2.07,2.07,1.65,1.65,1.65,-1
1113,2.07,2.07,2.07,2.07,1.65,2.07,2.07,2.07,2.07,1.65,-1
1114,2.07,1.65,1.65,1.65,2.07,2.07,1.65,1.65,1.65,1.65,-1
1115,2.07,1.65,2.07,1.65,1.65,1.65,1.65,1.65,1.65,1.65,-1
1116,2.07,2.07,2.07,1.65,2.07,1.65,1.65,2.07,1.65,1.65,-1
1117,2.07,2.07,1.65,1.65,2.07,2.07,1.65,1.65,2.07,2.07,-1
1118,2.07,2.07,1.65,1.65,2.07,1.65,1.65,2.07,1.65,1.65,-1
1119,2.07,2.07,1.65,2.07,2.07,1.65,2.07,2.07,2.07,2.07,-1
1120,1.65,1.65,2.07,2.07,1.65,2.07,1.65,2.07,1.65,2.07,-1
1122,1.65,2.07,2.07,2.07,2.07,2.07,1.65,2.07,2.07,1.65,-1
1123,1.65,1.65,2.07,1.65,1.65,2.07,2.07,2.07,1.65,1.65,-1
1124,2.07,2.07,2.07,2.07,1.65,1.65,1.65,2.07,1.65,1.65,-1
1125,1.65,2.07,2.07,2.07,1.65,2.07,1.65,2.07,2.07,1.65,-1
1126,2.07,1.65,2.07,1.65,1.65,2.07,1.65,2.07,2.07,2.07,-1
1127,2.07,1.65,1.65,1.65,1.65,1.65,1.65,1.65,1.65,2.07,-1
1128,2.07,2.07,1.65,1.65,2.07,2.07,2.07,1.65,1.65,1.65,-1
1129,2.07,1.65,1.65,1.65,1.65,1.65,1.65,1.65,2.07,2.07,-1
1130,2.07,1.65,2.07,2.07,1.65,1.65,1.65,2.07,2.07,2.07,-1
1131,2.07,1.65,1.65,2.07,1.65,2.07,2.07,2.07,1.65,1.65,-1
1132,2.07,2.07,2.07,2.07,2.07,1.65,2.07,1.65,2.07,2.07,-1
1133,2.07,1.65,2.07,1.65,2.07,2.07,1.65,2.07,1.65,2.07,-1
1134,1.65,2.07,1.65,2.07,2.07,2.07,1.65,2.07,2.07,2.07,-1
1135,2.07,2.07,1.65,1.65,2.07,2.07,1.65,2.07,1.65,2.07,-1
1136,2.07,2.07,1.65,1.65,1.65,2.07,2.07,1.65,2.07,1.65,-1
1137,2.07,2.07,1.65,1.65,2.07,2.07,1.65,2.07,1.65,1.65,-1
1138,2.07,1.65,1.65,1.65,1.65,1.65,1.65,1.65,2.07,1.65,-1
1139,1.65,1.65,2.07,1.65,2.07,1.65,1.65,2.07,2.07,2.07,-1
1140,2.07,2.07,1.65,1.65,1.65,1.65,2.07,1.65,2.07,1.65,-1
1141,1.65,1.65,2.07,2.07,2.07,2.07,1.65,1.65,2.07,2.07,-1
1142,2.07,2.07,2.07,2.07,2.07,1.65,1.65,2.07,2.07,1.65,-1
1143,2.07,1.65,2.07,2.07,2.07,1.65,1.65,1.65,2.07,2.07,-1
1144,2.07,1.65,1.65,1.65,2.07,1.65,1.65,1.65,2.07,1.65,-1
1145,2.07,1.65,2.07,1.65,1.65,2.07,2.07,1.65,2.07,2.07,-1
1146,2.07,2.07,2.07,1.65,1.65,2.07,1.65,1.65,1.65,2.07,-1
1147,1.65,2.07,2.07,2.07,2.07,1.65,2.07,1.65,2.07,2.07,-1
1149,1.65,2.07,1.65,2.07,2.07,2.07,1.65,1.65,1.65,2.07,-1
1150,2.07,1.65,2.07,1.65,1.65,2.07,1.65,2.07,2.07,1.65,-1
1151,2.07,2.07,1.65,2.07,2.07,2.07,2.07,1.65,2.07,2.07,-1
1152,2.07,2.07,2.07,1.65,1.65,1.65,1.65,1.65,2.07,2.07,-1
1153,2.07,1.65,2.07,2.07,1.65,2.07,1.65,2.07,1.65,1.65,-1
1154,1.65,2.07,1.65,1.65,2.07,2.07,2.07,1.65,1.65,1.65,-1
1155,1.65,2.07,1.65,2.07,1.65,2.07,1.65,1.65,2.07,1.65,-1
1156,1.65,2.07,1.65,1.65,1.65,1.65,2.07,2.07,2.07,2.07,-1
1157,2.07,2.07,1.65,2.07,2.07,2.07,1.65,2.07,2.07,1.65,-1
1158,1.65,2.07,1.65,1.65,2.07,1.65,2.07,1.65,2.07,2.07,-1
1159,2.07,2.07,1.65,2.07,1.65,2.07,1.65,1.65,2.07,2.07,-1
1161,2.07,2.07,2.07,2.07,1.65,2.07,2.07,2.07,1.65,1.65,-1
1162,2.07,1.65,2.07,1.65,2.07,1.65,1.65,1.65,2.07,1.65,-1
1163,2.07,2.07,2.07,2.07,2.07,2.07,1.65,2.07,2.07,1.65,-1
1164,2.07,2.07,2.07,2.07,2.07,2.07,2.07,2.07,1.65,1.65,-1
1165,2.07,2.07,2.07,2.07,2.07,1.65,2.07,1.65,1.65,2.07,-1
1166,2.07,2.07,2.07,2.07,2.07,2.07,2.07,2.07,2.07,1.65,-1
1167,2.07,2.07,2.07,2.07,1.65,2.07,1.65,2.07,1.65,1.65,-1
1168,1.65,1.65,1.65,1.65,1.65,1.65,1.65,1.65,2.07,1.65,-1
1169,2.07,2.07,2.07,1.65,2.07,1.65,2.07,2.07,2.07,2.07,-1
1170,1.65,2.07,1.65,2.07,1.65,2.07,2.07,2.07,2.07,2.07,-1
1171,2.07,1.65,2.07,2.07,2.07,1.65,2.07,2.07,2.07,2.07,-1
1173,2.07,2.07,2.07,2.07,2.07,1.65,2.07,1.65,1.65,1.65,-1
1174,2.07,2.07,2.07,2.07,1.65,1.65,2.07,2.07,2.07,1.65,-1
1175,1.65,1.65,2.07,1.65,2.07,1.65,2.07,1.65,2.07,2.07,-1
1176,2.07,2.07,2.07,2.07,2.07,1.65,1.65,2.07,2.07,2.07,-1
1178,1.65,2.07,1.65,1.65,1.65,2.07,2.07,2.07,2.07,2.07,-1
1179,1.65,2.07,2.07,1.65,1.65,2.07,1.65,2.07,2.07,1.65,-1
1180,2.07,1.65,2.07,2.07,1.65,2.07,2.07,1.65,1.65,1.65,-1
1181,1.65,2.07,2.07,1.65,1.65,2.07,1.65,1.65,2.07,2.07,-1
1182,2.07,1.65,1.65,1.65,1.65,1.65,2.07,1.65,1.65,2.07,-1
1183,1.65,1.65,2.07,2.07,2.07,2.07,1.65,2.07,2.07,1.65,-1
1184,2.07,1.65,2.07,2.07,2.07,2.07,2.07,2.07,2.07,2.07,-1
1186,2.07,2.07,2.07,1.65,2.07,2.07,1.65,2.07,2.07,1.65,-1
1188,2.07,2.07,1.65,2.07,2.07,2.07,2.07,2.07,1.65,2.07,-1
1189,2.07,2.07,2.07,1.65,2.07,1.65,1.65,1.65,2.07,1.65,-1
1190,2.07,1.65,2.07,2.07,2.07,1.65,2.07,2.07,2.07,1.65,-1
1194,1.65,2.07,2.07,1.65,2.07,1.65,1.65,2.07,2.07,2.07,-1
1196,1.65,2.07,2.07,2.07,1.65,2.07,2.07,2.07,2.07,2.07,-1
1198,2.07,2.07,1.65,1.65,2.07,1.65,2.07,1.65,1.65,2.07,-1
1199,2.07,2.07,2.07,2.07,2.07,2.07,1.65,1.65,1.65,2.07,-1
1200,1.65,2.07,2.07,2.07,2.07,2.07,2.07,2.07,2.07,1.65,-1
1201,1.65,1.65,1.65,2.07,2.07,1.65,1.65,1.65,2.07,1.65,-1
1202,1.65,1.65,2.07,1.65,2.07,1.65,1.65,1.65,2.07,2.07,-1
1203,2.07,2.07,1.65,2.07,2.07,2.07,1.65,2.07,2.07,2.07,-1
1205,1.65,2.07,2.07,2.07,2.07,1.65,2.07,2.07,2.07,1.65,-1
1207,1.65,2.07,2.07,1.65,2.07,2.07,1.65,2.07,2.07,2.07,-1
1208,1.65,1.65,1.65,2.07,1.65,1.65,2.07,1.65,2.07,2.07,-1
1210,2.07,2.07,2.07,2.07,2.07,2.07,2.07,2.07,1.65,2.07,-1
1211,2.07,1.65,2.07,2.07,1.65,2.07,2.07,2.07,2.07,1.65,-1
1212,1.65,2.07,2.07,2.07,1.65,2.07,1.65,1.65,2.07,2.07,-1
1214,2.07,2.07,2.07,2.07,2.07,2.07,2.07,1.65,2.07,2.07,-1
1216,2.07,1.65,2.07,2.07,1.65,2.07,1.65,1.65,2.07,1.65,-1
1217,2.07,1.65,2.07,1.65,2.07,2.07,2.07,2.07,1.65,2.07,-1
1218,2.07,2.07,2.07,2.07,2.07,2.07,2.07,1.65,1.65,1.65,-1
1221,1.65,1.65,2.07,2.07,2.07,2.07,1.65,1.65,1.65,1.65,-1
1222,2.07,2.07,2.07,1.65,1.65,1.65,1.65,1.65,2.07,1.65,-1
1223,1.65,2.07,1.65,2.07,1.65,2.07,2.07,1.65,2.07,2.07,-1
1224,2.07,2.07,2.07,1.65,2.07,1.65,2.07,2.07,1.65,2.07,-1
1225,1.65,1.65,2.07,2.07,1.65,2.07,2.07,1.65,2.07,2.07,-1
1226,2.07,2.07,2.07,1.65,1.65,2.07,1.65,2.07,2.07,2.07,-1
1227,2.07,2.07,2.07,1.65,2.07,2.07,2.07,2.07,2.07,2.07,-1
1228,1.65,2.07,1.65,2.07,1.65,2.07,2.07,2.07,2.07,1.65,-1
1229,2.07,1.65,1.65,1.65,2.07,1.65,1.65,2.07,2.07,2.07,-1
1230,1.65,1.65,1.65,2.07,1.65,2.07,1.65,2.07,1.65,1.65,-1
1231,1.65,2.07,2.07,1.65,2.07,1.65,2.07,2.07,2.07,2.07,-1
1233,2.07,2.07,2.07,2.07,2.07,2.07,1.65,1.65,2.07,2.07,-1
1235,2.07,2.07,1.65,2.07,2.07,2.07,2.07,2.07,1.65,1.65,-1
1236,2.07,2.07,1.65,2.07,1.65,2.07,2.07,2.07,2.07,2.07,-1
1237,2.07,2.07,2.07,2.07,2.07,1.65,1.65,1.65,2.07,2.07,-1
1242,2.07,1.65,1.65,1.65,2.07,2.07,2.07,2.07,2.07,2.07,-1
1244,2.07,1.65,2.07,1.65,2.07,2.07,2.07,2.07,2.07,2.07,-1
1245,1.65,2.07,2.07,2.07,2.07,2.07,2.07,1.65,2.07,1.65,-1
1246,2.07,1.65,2.07,1.65,2.07,2.07,1.65,1.65,1.65,1.65,-1
1247,1.65,2.07,2.07,2.07,2.07,2.07,2.07,1.65,2.07,2.07,-1
1248,1.65,1.65,2.07,1.65,1.65,2.07,1.65,2.07,1.65,2.07,-1
1250,2.07,2.07,1.65,1.65,2.07,1.65,1.65,1.65,2.07,1.65,-1
1251,1.65,1.65,1.65,1.65,1.65,2.07,2.07,2.07,1.65,2.07,-1
1252,2.07,1.65,1.65,2.07,1.65,2.07,1.65,1.65,2.07,1.65,-1
1254,2.07,1.65,2.07,1.65,1.65,2.07,1.65,1.65,1.65,1.65,-1
1255,1.65,2.07,1.65,2.07,1.65,1.65,2.07,1.65,1.65,2.07,-1
1256,1.65,2.07,1.65,1.65,1.65,1.65,2.07,1.65,2.07,1.65,-1
1257,1.65,1.65,1.65,2.07,1.65,2.07,2.07,2.07,2.07,1.65,-1
1258,1.65,1.65,2.07,1.65,2.07,2.07,1.65,1.65,2.07,2.07,-1
1259,1.65,1.65,2.07,2.07,2.07,1.65,2.07,1.65,1.65,1.65,-1
1261,1.65,1.65,2.07,1.65,2.07,1.65,1.65,1.65,2.07,1.65,-1
1262,1.65,2.07,2.07,2.07,1.65,1.65,1.65,1.65,2.07,2.07,-1
1263,2.07,1.65,2.07,2.07,2.07,2.07,2.07,1.65,2.07,1.65,-1
1264,1.65,2.07,2.07,2.07,1.65,2.07,2.07,2.07,1.65,1.65,-1
1265,1.65,2.07,2.07,1.65,1.65,2.07,2.07,2.07,2.07,2.07,-1
1268,1.65,2.07,2.07,2.07,2.07,2.07,2.07,2.07,1.65,1.65,-1
1269,2.07,1.65,2.07,2.07,2.07,2.07,2.07,1.65,2.07,2.07,-1
1270,2.07,2.07,2.07,1.65,1.65,2.07,2.07,2.07,1.65,2.07,-1
1274,1.65,2.07,2.07,2.07,2.07,1.65,2.07,2.07,1.65,1.65,-1
1275,2.07,2.07,2.07,1.65,2.07,2.07,2.07,1.65,2.07,2.07,-1
1276,2.07,2.07,2.07,1.65,1.65,2.07,2.07,2.07,2.07,1.65,-1
1277,1.72,1.72,1.72,1.72,1.72,1.72,1.72,1.72,1.72,1.72,-1
1477,55.17,55.17,55.17,55.17,55.17,55.17,55.17,55.17,55.17,55.17,1
1677,80.0,80.0,80.0,80.0,80.0,80.0,80.0,80.0,80.0,80.0,1
1877,78.57,78.57,78.57,78.57,78.57,78.57,78.57,78.57,78.57,78.57,1
1881,78.99,78.57,78.57,78.57,78.57,78.57,78.57,78.57,78.57,78.57,1
1893,78.57,78.99,78.57,78.57,78.57,78.57,78.57,78.57,78.57,78.57,1
1903,78.57,78.57,78.57,78.57,78.99,78.57,78.57,78.57,78.57,78.57,1
1906,78.57,78.57,78.57,78.57,78.57,78.57,78.57,78.99,78.57,78.57,1
1923,78.99,78.57,78.57,78.57,78.99,78.57,78.57,78.57,78.57,78.57,1
1934,78.57,78.57,78.57,78.57,78.57,78.57,78.57,78.57,78.99,78.57,1
1957,78.57,78.57,78.57,78.57,78.57,78.57,78.99,78.57,78.57,78.57,1
2022,78.57,78.57,78.57,78.57,78.57,78.99,78.57,78.57,78.57,78.57,1
2048,78.57,78.57,78.99,78.57,78.57,78.57,78.57,78.57,78.57,78.57,1
2077,81.06,81.06,81.06,81.06,81.06,81.06,81.06,81.06,81.06,81.06,1
2079,81.06,81.06,81.06,81.06,81.06,81.06,81.06,81.06,81.06,80.62,1
2080,81.06,81.06,80.62,80.62,80.62,81.06,81.06,81.06,81.06,81.06,1
2081,81.06,81.06,80.62,81.06,81.06,81.06,81.06,81.06,80.62,80.62,1
2082,80.62,81.06,81.06,81.06,81.06,81.06,81.06,81.06,81.06,81.06,1
2085,81.06,81.06,81.06,81.06,81.06,80.62,81.06,81.06,81.06,81.06,1
2086,81.06,81.06,81.06,81.06,81.06,81.06,81.06,80.62,80.62,81.06,1
2087,81.06,81.06,81.06,81.06,81.06,81.06,81.06,80.62,81.06,81.06,1
2089,81.06,81.06,81.06,81.06,81.06,81.06,81.06,81.06,80.62,81.06,1
2095,81.06,81.06,81.06,81.06,81.06,81.06,80.62,81.06,81.06,81.06,1
2096,81.06,81.06,80.62,81.06,81.06,81.06,81.06,81.06,81.06,81.06,1
2115,81.06,81.06,81.06,81.06,80.62,81.06,81.06,81.06,81.06,81.06,1
2118,81.06,80.62,81.06,81.06,81.06,81.06,81.06,81.06,81.06,81.06,1
2126,81.06,81.06,81.06,80.62,81.06,81.06,81.06,81.06,81.06,81.06,1
2156,81.06,81.06,81.06,81.06,81.06,81.06,80.62,80.62,81.06,81.06,1
2233,81.06,81.06,81.06,81.06,81.06,80.62,81.06,80.62,81.06,81.06,1
2236,81.06,81.06,81.06,81.06,80.62,81.06,81.06,80.62,81.06,81.06,1
2258,81.06,81.06,81.06,80.62,81.06,81.06,80.62,81.06,81.06,81.06,1
2275,80.62,81.06,80.62,81.06,81.06,81.06,81.06,81.06,81.06,81.06,1
2277,84.21,84.21,84.21,84.21,84.21,84.21,84.21,84.21,84.21,84.21,1
2278,84.21,84.21,84.21,84.65,84.21,84.21,84.21,84.21,84.21,84.21,1
2281,84.21,84.21,84.65,84.21,84.21,84.65,84.21,84.21,84.21,84.21,1
2282,84.21,84.21,84.21,84.21,84.21,84.21,84.65,84.65,84.21,84.21,1
2283,84.21,84.21,84.21,84.21,84.21,84.21,84.21,84.21,84.21,84.65,1
2285,84.21,84.21,84.21,84.65,84.21,84.65,84.21,84.21,84.21,84.65,1
2288,84.21,84.65,84.65,84.65,84.21,84.21,84.21,84.21,84.65,84.21,1
2289,84.21,84.21,84.21,84.21,84.21,84.65,84.21,84.65,84.21,84.65,1
2290,84.21,84.65,84.21,84.21,84.21,84.21,84.21,84.21,84.21,84.21,1
2292,84.21,84.21,84.21,84.21,84.65,84.21,84.21,84.21,84.21,84.65,1
2293,84.21,84.21,84.21,84.21,84.21,84.21,84.65,84.21,84.65,84.21,1
2294,84.21,84.65,84.21,84.21,84.21,84.65,84.21,84.65,84.21,84.21,1
2295,84.65,84.65,84.21,84.65,84.21,84.21,84.65,84.65,84.21,84.21,1
2296,84.21,84.21,84.65,84.21,84.21,84.21,84.21,84.21,84.21,84.21,1
2297,84.21,84.65,84.65,84.21,84.21,84.21,84.21,84.21,84.21,84.65,1
2300,84.65,84.21,84.21,84.21,84.21,84.21,84.21,84.65,84.21,84.21,1
2301,84.21,84.21,84.21,84.65,84.21,84.21,84.21,84.21,84.65,84.65,1
2302,84.65,84.21,84.21,84.65,84.21,84.21,84.21,84.65,84.21,84.21,1
2303,84.65,84.21,84.21,84.21,84.21,84.21,84.65,84.21,84.21,84.21,1
2305,84.21,84.21,84.21,84.21,84.21,84.21,84.65,84.21,84.21,84.21,1
2306,84.21,84.21,84.65,84.21,84.21,84.21,84.21,84.21,84.65,84.21,1
2309,84.21,84.21,84.21,84.21,84.65,84.21,84.21,84.21,84.21,84.21,1
2310,84.65,84.21,84.21,84.21,84.21,84.21,84.21,84.65,84.65,84.21,1
2311,84.21,84.21,84.21,84.21,84.21,84.65,84.21,84.21,84.21,84.65,1
2312,84.65,84.65,84.21,84.21,84.21,84.21,84.21,84.21,84.21,84.21,1
2314,84.21,84.21,84.21,84.21,84.21,84.21,84.21,84.21,84.65,84.21,1
2315,84.21,84.65,84.21,84.21,84.21,84.65,84.21,84.21,84.21,84.21,1
2321,84.21,84.21,84.21,84.21,84.21,84.65,84.21,84.65,84.21,84.21,1
2323,84.65,84.21,84.21,84.21,84.21,84.21,84.21,84.21,84.21,84.21,1
2325,84.21,84.21,84.21,84.21,84.21,84.21,84.21,84.65,84.21,84.21,1
2328,84.21,84.21,84.21,84.21,84.21,84.65,84.21,84.21,84.21,84.21,1
2331,84.21,84.21,84.21,84.21,84.21,84.65,84.65,84.21,84.21,84.21,1
2332,84.65,84.21,84.21,84.21,84.21,84.21,84.21,84.21,84.65,84.65,1
2336,84.65,84.65,84.21,84.21,84.21,84.21,84.21,84.65,84.21,84.21,1
2343,84.21,84.21,84.65,84.21,84.65,84.21,84.21,84.21,84.21,84.21,1
2351,84.21,84.21,84.21,84.21,84.65,84.21,84.65,84.21,84.21,84.21,1
2362,84.65,84.21,84.21,84.21,84.65,84.21,84.21,84.21,84.21,84.21,1
2372,84.21,84.65,84.21,84.21,84.65,84.21,84.21,84.21,84.21,84.21,1
2373,84.21,84.65,84.21,84.65,84.21,84.21,84.21,84.21,84.21,84.21,1
2374,84.21,84.21,84.21,84.21,84.65,84.21,84.21,84.65,84.21,84.21,1
2378,84.21,84.21,84.21,84.65,84.21,84.21,84.21,84.21,84.65,84.21,1
2383,84.21,84.21,84.21,84.21,84.65,84.21,84.65,84.21,84.21,84.65,1
2385,84.21,84.21,84.65,84.65,84.21,84.65,84.21,84.21,84.21,84.21,1
2388,84.21,84.21,84.65,84.21,84.65,84.21,84.65,84.21,84.21,84.21,1
2389,84.21,84.21,84.21,84.21,84.21,84.65,84.21,84.21,84.65,84.21,1
2394,84.21,84.21,84.65,84.21,84.65,84.21,84.21,84.21,84.65,84.21,1
2397,84.21,84.21,84.21,84.65,84.21,84.21,84.21,84.65,84.21,84.21,1
2401,84.21,84.21,84.65,84.21,84.21,84.65,84.21,84.21,84.21,84.65,1
2402,84.21,84.21,84.65,84.21,84.21,84.21,84.65,84.21,84.21,84.21,1
2404,84.21,84.21,84.21,84.21,84.21,84.21,84.21,84.21,84.65,84.65,1
2405,84.65,84.21,84.21,84.65,84.21,84.65,84.21,84.21,84.21,84.21,1
2407,84.65,84.21,84.21,84.21,84.65,84.21,84.21,84.21,84.21,84.65,1
2408,84.21,84.21,84.65,84.21,84.21,84.21,84.21,84.21,84.21,84.65,1
2412,84.21,84.21,84.65,84.21,84.65,84.65,84.21,84.21,84.65,84.21,1
2418,84.21,84.65,84.21,84.21,84.65,84.21,84.21,84.21,84.65,84.21,1
2419,84.21,84.65,84.21,84.21,84.21,84.65,84.65,84.65,84.21,84.21,1
2422,84.65,84.21,84.21,84.65,84.21,84.21,84.21,84.21,84.65,84.21,1
2423,84.65,84.21,84.21,84.21,84.65,84.21,84.21,84.21,84.65,84.21,1
2425,84.21,84.21,84.21,84.21,84.65,84.65,84.21,84.21,84.65,84.21,1
2428,84.21,84.65,84.21,84.65,84.21,84.21,84.21,84.65,84.65,84.21,1
2433,84.65,84.21,84.21,84.65,84.21,84.21,84.21,84.21,84.21,84.65,1
2436,84.21,84.21,84.21,84.21,84.21,84.21,84.21,84.65,84.21,84.65,1
2438,84.21,84.21,84.21,84.65,84.21,84.65,84.65,84.21,84.21,84.21,1
2440,84.21,84.21,84.21,84.21,84.65,84.21,84.21,84.21,84.65,84.21,1
2441,84.21,84.21,84.21,84.65,84.65,84.21,84.21,84.21,84.21,84.21,1
2443,84.65,84.65,84.21,84.21,84.21,84.21,84.21,84.21,84.65,84.65,1
2444,84.21,84.65,84.21,84.21,84.21,84.21,84.21,84.65,84.21,84.21,1
2445,84.65,84.21,84.21,84.65,84.65,84.21,84.21,84.65,84.21,84.21,1
2446,84.21,84.21,84.65,84.21,84.21,84.21,84.21,84.65,84.21,84.21,1
2451,84.21,84.21,84.21,84.65,84.65,84.21,84.65,84.21,84.21,84.21,1
2452,84.21,84.21,84.21,84.65,84.21,84.65,84.21,84.21,84.21,84.21,1
2455,84.65,84.21,84.21,84.21,84.21,84.65,84.21,84.65,84.21,84.21,1
2456,84.65,84.21,84.21,84.21,84.21,84.65,84.21,84.21,84.65,84.21,1
2457,84.65,84.65,84.65,84.21,84.21,84.21,84.65,84.21,84.21,84.21,1
2465,84.65,84.21,84.21,84.21,84.21,84.21,84.21,84.21,84.65,84.21,1
2467,84.21,84.21,84.21,84.21,84.21,84.21,84.21,84.65,84.65,84.21,1
2468,84.65,84.21,84.21,84.21,84.65,84.21,84.21,84.65,84.21,84.21,1
2473,84.21,84.65,84.21,84.21,84.65,84.21,84.21,84.21,84.21,84.65,1
2477,81.02,81.02,81.02,81.02,81.02,81.02,81.02,81.02,81.02,81.02,1
2677,85.19,85.19,85.19,85.19,85.19,85.19,85.19,85.19,85.19,85.19,1
2877,78.74,78.74,78.74,78.74,78.74,78.74,78.74,78.74,78.74,78.74,1
3077,83.33,83.33,83.33,83.33,83.33,83.33,83.33,83.33,83.33,83.33,1
3277,47.82,47.15,46.48,45.47,44.63,43.79,42.62,41.61,40.6,39.6,-1
3278,38.42,37.42,36.41,35.57,34.9,34.06,33.39,32.72,31.88,31.38,-1
3279,30.7,30.37,29.7,29.36,28.69,28.36,27.85,27.52,27.01,26.68,-1
3280,26.34,25.84,25.5,25.0,24.66,24.33,23.99,23.66,23.49,23.15,-1
3281,22.99,22.82,22.48,22.32,22.15,21.98,21.81,21.64,21.48,21.31,-1
3282,21.14,20.97,20.81,20.64,20.47,20.3,20.3,20.13,19.97,19.8,-1
3283,19.8,19.8,19.63,19.46,19.3,19.3,19.13,19.13,18.96,18.79,-1
3284,18.79,18.62,18.62,18.62,18.29,18.46,18.29,18.12,18.12,17.95,-1
3285,17.79,17.79,17.79,17.62,17.45,17.45,17.45,17.45,17.45,17.28,-1
3286,17.28,17.28,17.11,17.11,17.11,17.11,17.11,17.11,16.95,17.11,-1
3287,16.95,16.95,16.95,16.78,16.78,16.78,16.61,16.61,16.61,16.61,-1
3288,16.44,16.44,16.28,16.28,16.28,16.11,16.11,15.94,15.94,15.94,-1
3289,15.77,15.77,15.6,15.6,15.6,15.6,15.6,15.6,15.6,15.6,-1
3290,15.44,15.44,15.44,15.44,15.44,15.44,15.44,15.27,15.44,15.27,-1
3291,15.27,15.27,15.27,15.27,15.1,15.1,15.1,14.93,14.93,14.93,-1
3292,14.93,14.93,14.93,14.93,14.93,14.93,14.93,14.77,14.93,14.93,-1
3293,14.93,14.77,14.93,14.93,14.77,14.77,14.93,14.93,14.77,14.77,-1
3294,14.77,14.77,14.77,14.77,14.77,14.77,14.77,14.77,14.77,14.77,-1
3295,23.15,24.33,25.34,26.34,27.18,28.02,28.69,29.36,30.03,30.54,1
3296,31.04,31.38,31.88,32.21,32.55,32.89,33.05,33.39,33.72,33.89,1
3298,34.23,34.56,34.73,34.9,35.23,35.4,35.57,35.74,36.07,36.07,1
3299,36.41,36.58,36.74,36.91,37.08,37.25,37.42,37.75,37.92,38.09,1
3300,38.26,38.42,38.59,38.76,38.93,39.09,39.26,39.43,39.6,39.93,1
3301,39.93,40.1,40.27,40.44,40.6,40.77,40.94,41.11,41.28,41.44,1
3302,41.61,41.78,41.95,42.11,42.28,42.45,42.45,42.62,42.79,42.95,1
3303,43.12,43.29,43.46,43.62,43.79,43.96,44.13,44.3,44.46,44.46,1
3304,44.63,44.8,44.97,45.13,45.13,45.3,45.47,45.64,45.81,45.97,1
3305,46.14,46.31,46.48,46.48,46.48,46.81,46.81,46.98,47.15,47.15,1
3306,47.48,47.48,47.65,47.82,47.99,47.99,48.15,48.32,48.32,48.49,1
3307,48.66,48.66,48.83,48.99,49.16,49.33,49.33,49.5,49.5,49.66,1
3308,49.83,49.83,49.83,50.0,50.17,50.17,50.34,50.5,50.5,50.67,1
3309,50.67,50.84,50.84,51.01,51.01,51.01,51.17,51.17,51.34,51.51,1
3310,51.51,51.68,51.68,51.85,51.85,52.01,52.01,52.01,52.18,52.18,1
3311,52.18,52.35,52.52,52.52,52.68,52.68,52.85,52.85,52.85,52.85,1
3312,53.02,53.02,53.02,53.02,53.19,53.19,53.36,53.52,53.52,53.52,1
3313,53.52,53.52,53.69,53.52,53.69,53.69,53.69,53.86,53.86,54.03,1
3314,54.03,54.03,54.19,54.19,54.19,54.19,54.19,54.36,54.19,54.36,1
3315,54.36,54.53,54.53,54.7,54.7,54.7,54.7,54.7,54.7,54.87,1
3316,54.19,54.03,54.03,53.86,53.69,53.36,53.36,53.19,53.02,52.85,-1
3318,52.52,52.35,51.85,51.51,51.01,50.34,49.83,49.16,48.32,47.48,-1
3319,46.64,45.97,45.3,44.3,43.46,42.45,41.44,40.27,39.43,38.42,-1
3320,37.58,36.74,35.91,35.23,34.56,33.89,33.39,32.72,32.21,31.54,-1
3321,31.04,30.54,29.87,29.36,28.86,28.52,28.02,27.68,27.35,26.85,-1
3322,26.51,26.17,25.67,25.5,25.0,24.83,24.5,24.33,23.99,23.83,-1
3323,23.66,23.15,22.99,22.82,22.65,22.48,22.15,21.98,21.81,21.64,-1
3324,21.31,21.14,20.97,20.81,20.47,20.3,20.13,19.8,19.63,19.63,-1
3325,19.46,19.3,18.96,18.96,18.79,18.62,18.62,18.46,18.29,18.12,-1
3326,17.95,17.95,17.95,17.79,17.79,17.62,17.45,17.45,17.45,17.28,-1
3327,17.28,17.11,17.11,17.11,16.95,16.95,16.78,16.78,16.78,16.78,-1
3328,16.78,16.61,16.44,16.61,16.61,16.61,16.44,16.44,16.44,16.28,-1
3329,16.28,16.28,16.28,16.11,16.11,16.11,16.11,15.94,15.94,15.94,-1
3330,15.94,15.94,15.77,15.77,15.77,15.77,15.77,15.77,15.6,15.6,-1
3331,15.6,15.6,15.6,15.6,15.44,15.44,15.6,15.6,15.44,15.44,-1
3332,15.44,15.44,15.44,15.44,15.27,15.44,15.27,15.27,15.27,15.27,-1
3333,15.27,15.27,15.27,15.27,15.27,15.1,15.27,15.1,15.1,15.1,-1
3334,15.1,15.1,15.1,15.1,15.1,15.1,15.1,15.1,15.1,15.1,-1
3335,15.1,15.1,15.1,15.1,15.1,15.1,14.93,14.93,14.93,14.93,-1
3336,26.17,27.18,28.02,28.69,29.36,30.03,30.54,31.21,31.54,32.05,1
3337,32.38,32.89,33.22,33.56,33.89,34.06,34.4,34.56,34.9,35.07,1
3338,35.4,35.57,35.74,36.07,36.24,36.41,36.58,36.74,36.91,36.91,1
3339,37.25,37.42,37.58,37.75,37.92,37.92,38.09,38.42,38.42,38.59,1
3340,38.59,38.76,39.09,39.09,39.26,39.43,39.6,39.77,39.93,40.1,1
3341,40.1,40.27,40.44,40.6,40.6,40.77,40.94,41.11,41.11,41.44,1
3342,41.44,41.61,41.78,41.95,42.11,42.11,42.28,42.28,42.45,42.62,1
3343,42.62,42.95,42.95,43.12,43.29,43.46,43.46,43.62,43.62,43.79,1
3344,43.79,43.96,43.96,44.13,44.3,44.46,44.46,44.63,44.63,44.8,1
3345,44.8,44.8,44.97,44.97,45.13,45.3,45.3,45.47,45.47,45.64,1
3346,45.81,45.81,45.97,45.97,45.97,46.14,46.14,46.31,46.31,46.31,1
3347,46.48,46.64,46.64,46.81,46.81,46.81,46.98,46.98,47.15,47.15,1
3348,47.15,47.32,47.32,47.48,47.48,47.65,47.82,47.82,47.82,47.99,1
3349,47.99,47.99,48.15,48.15,48.32,48.32,48.32,48.49,48.49,48.66,1
3350,48.66,48.66,48.66,48.66,48.66,48.83,48.83,48.83,48.83,48.83,1
3351,48.83,48.99,48.99,48.99,48.99,49.16,49.16,49.16,49.16,49.33,1
3357,49.16,49.33,49.33,49.33,49.5,49.66,49.66,49.66,49.83,49.83,1
3358,50.0,50.0,50.0,50.17,50.17,50.17,50.34,50.5,50.5,50.5,1
3359,50.5,50.5,50.5,50.5,50.5,50.5,50.67,50.67,50.67,51.01,1
3360,51.01,51.01,51.01,51.17,51.17,51.17,51.17,51.17,51.17,51.17,1
3361,51.17,51.17,51.17,51.17,51.01,50.84,50.67,50.5,50.34,50.17,-1
3362,50.0,49.83,49.66,49.66,49.5,49.33,49.16,48.83,48.49,47.99,-1
3363,47.65,47.32,46.81,46.48,45.97,45.47,44.97,44.3,43.62,42.79,-1
3364,41.78,40.77,39.6,38.59,37.58,36.74,35.91,35.07,34.4,33.56,-1
3365,32.89,32.21,31.54,30.87,30.2,29.53,28.86,28.36,27.85,27.18,-1
3366,26.85,26.34,26.01,25.5,25.34,25.0,24.5,24.16,23.66,23.32,-1
3367,22.99,22.82,22.48,22.15,21.98,21.64,21.31,21.14,20.81,20.64,-1
3368,20.47,19.97,19.8,19.63,19.46,19.3,19.13,18.96,18.79,18.62,-1
3369,18.46,18.29,18.29,18.12,17.95,17.95,17.79,17.62,17.62,17.62,-1
3370,17.62,17.45,17.45,17.28,17.28,17.28,17.11,16.95,16.95,16.95,-1
3371,16.95,16.78,16.78,16.78,16.61,16.61,16.61,16.61,16.44,16.44,-1
3372,16.28,16.28,16.28,16.28,16.28,16.28,16.11,16.11,16.11,16.11,-1
3373,16.11,15.94,15.94,15.94,15.94,15.94,15.94,15.77,15.77,15.77,-1
3374,15.77,15.77,15.77,15.6,15.6,15.6,15.6,15.6,15.44,15.44,-1
3375,15.44,15.6,15.44,15.44,15.44,15.44,15.44,15.44,15.27,15.27,-1
3376,15.44,15.27,15.27,15.27,15.27,15.27,15.1,15.1,15.27,15.1,-1
3377,15.1,15.27,15.1,15.1,15.1,15.1,15.1,14.93,15.1,14.93,-1
3378,14.93,14.93,14.93,14.93,14.93,14.93,14.93,14.93,14.93,14.93,-1
3379,14.93,14.77,14.93,14.93,14.77,14.77,14.77,14.77,14.77,14.77,-1
3380,14.77,14.77,14.77,14.6,14.77,14.77,14.6,14.77,14.77,14.77,-1
3381,24.83,26.01,27.18,28.19,28.86,29.7,30.37,30.87,31.54,31.88,1
3382,32.38,32.72,33.22,33.56,33.89,34.06,34.4,34.56,34.9,35.23,1
3383,35.4,35.57,35.74,36.07,36.24,36.41,36.58,36.74,36.91,37.08,1
3384,37.25,37.58,37.58,37.75,38.09,38.26,38.26,38.42,38.59,38.93,1
3385,38.93,39.26,39.43,39.6,39.77,39.93,40.1,40.27,40.44,40.6,1
3386,40.77,40.94,41.11,41.28,41.44,41.61,41.78,41.95,42.11,42.28,1
3387,42.45,42.62,42.62,42.79,42.95,43.12,43.12,43.29,43.46,43.62,1
3388,43.79,43.96,44.13,44.3,44.46,44.63,44.8,44.8,44.97,45.13,1
3389,45.3,45.47,45.64,45.81,45.97,46.14,46.31,46.31,46.48,46.64,1
3390,46.64,46.81,46.98,47.15,47.32,47.48,47.65,47.82,47.99,47.99,1
3391,48.15,48.32,48.49,48.49,48.66,48.83,48.83,48.99,49.16,49.33,1
3392,49.5,49.66,49.66,49.83,50.0,50.0,50.17,50.34,50.5,50.5,1
3393,50.67,50.84,50.84,51.01,51.17,51.34,51.34,51.51,51.51,51.68,1
3394,51.68,51.85,52.01,52.01,52.18,52.35,52.35,52.52,52.68,52.68,1
3395,52.68,52.85,52.85,53.02,53.02,53.02,53.19,53.19,53.36,53.52,1
3396,53.52,53.69,53.69,53.69,53.86,53.86,53.86,53.86,54.03,54.03,1
3397,54.19,54.19,54.36,54.36,54.36,54.53,54.53,54.53,54.53,54.53,1
3398,54.7,54.7,54.7,54.7,54.7,54.87,55.03,55.03,55.03,55.03,1
3399,55.03,55.03,55.03,55.03,55.2,55.2,55.2,55.2,55.37,55.37,1
3400,55.37,55.54,55.37,55.37,55.37,55.37,55.37,55.37,55.37,55.37,1
3401,55.2,55.37,55.2,55.03,54.87,54.7,54.53,54.36,54.19,54.03,-1
3402,53.86,53.52,53.36,53.19,52.85,52.52,52.01,51.51,51.01,50.34,-1
3403,49.83,49.16,48.49,47.82,47.32,46.64,45.97,45.47,44.8,44.13,-1
3404,43.46,42.95,42.28,41.78,41.11,40.44,39.6,38.76,38.09,36.91,-1
3405,35.91,34.9,33.72,32.72,31.71,30.7,29.87,29.19,28.52,27.85,-1
3406,27.35,26.85,26.34,25.84,25.5,25.17,24.83,24.5,24.16,23.83,-1
3407,23.66,23.32,22.99,22.82,22.48,22.48,22.32,21.98,21.64,21.64,-1
3408,21.31,21.14,20.97,20.81,20.64,20.47,20.3,20.13,19.97,19.8,-1
3409,19.63,19.63,19.46,19.3,19.13,18.96,18.79,18.79,18.79,18.62,-1
3410,18.46,18.29,18.29,18.12,17.95,17.79,17.79,17.62,17.62,17.45,-1
3411,17.45,17.28,17.11,17.11,16.95,16.95,16.95,16.95,16.78,16.78,-1
3412,16.78,16.78,16.78,16.78,16.61,16.61,16.44,16.61,16.44,16.44,-1
3413,16.44,16.28,16.28,16.28,16.28,16.28,16.11,16.11,16.11,16.11,-1
3414,16.11,16.11,15.94,15.94,15.94,15.94,15.77,15.77,15.77,15.77,-1
3415,15.77,15.6,15.6,15.6,15.6,15.6,15.6,15.44,15.44,15.27,-1
3416,15.27,15.27,15.27,15.27,15.27,15.27,15.27,15.27,15.27,15.27,-1
3417,15.27,15.1,15.27,15.27,15.27,15.27,15.1,15.1,15.1,15.1,-1
3418,15.1,15.1,15.1,15.1,15.1,15.1,15.1,15.1,14.93,15.1,-1
3419,15.1,15.1,15.1,15.1,14.93,15.1,15.1,15.1,14.93,14.93,-1
3420,15.1,14.93,14.93,14.93,14.93,14.93,14.93,14.93,14.93,14.93,-1
3421,25.84,26.85,27.85,28.86,29.7,30.37,30.87,31.54,32.21,32.55,1
3422,33.05,33.56,33.89,34.23,34.56,34.9,35.07,35.4,35.74,35.91,1
3423,36.24,36.41,36.58,36.91,37.08,37.08,37.42,37.58,37.75,37.92,1
3424,38.09,38.26,38.42,38.76,38.76,39.09,39.09,39.26,39.43,39.6,1
3425,39.77,39.93,40.1,40.27,40.6,40.6,40.94,41.11,41.28,41.44,1
3426,41.44,41.61,41.78,41.95,41.95,42.11,42.28,42.45,42.45,42.79,1
3427,42.95,43.12,43.12,43.29,43.46,43.62,43.79,43.79,43.96,44.13,1
3428,44.3,44.46,44.63,44.8,44.97,45.13,45.3,45.3,45.47,45.64,1
3429,45.81,45.97,46.14,46.31,46.48,46.64,46.64,46.81,46.98,46.98,1
3430,47.15,47.32,47.48,47.65,47.65,47.82,47.82,47.82,47.82,47.82,1
3431,5.0,7.0,8.0,9.0,9.0,10.0,11.0,12.0,13.0,13.0,1
3432,14.0,15.0,16.0,17.0,19.0,20.0,21.0,22.0,23.0,24.0,1
3433,25.0,26.0,27.0,28.0,29.0,30.0,31.0,32.0,33.0,34.0,1
3434,1.27,1.27,1.27,1.27,1.13,1.27,1.27,1.27,1.27,1.27,-1
3435,1.27,1.27,1.27,1.27,1.27,1.27,1.27,1.27,1.27,1.27,-1
3440,1.27,1.27,1.27,1.27,1.27,1.27,1.27,1.27,1.13,1.27,-1
3446,1.27,1.27,1.27,1.27,1.27,1.27,1.27,1.27,1.27,1.13,-1
3447,1.13,1.27,1.27,1.27,1.27,1.27,1.27,1.27,1.13,1.27,-1
3448,1.27,1.13,1.27,1.27,1.27,1.27,1.13,1.27,1.27,1.27,-1
3449,1.27,1.27,1.13,1.13,1.13,1.13,1.27,1.13,1.27,1.27,-1
3450,1.27,1.13,1.27,1.27,1.27,1.27,1.27,1.13,1.27,1.27,-1
3451,1.27,1.13,1.27,1.27,1.27,1.27,1.27,1.27,1.27,1.27,-1
3452,1.13,1.13,1.27,1.27,1.27,1.13,1.27,1.27,1.13,1.27,-1
3453,1.27,1.27,1.27,1.13,1.27,1.27,1.13,1.27,1.27,1.27,-1
3454,1.27,1.27,1.27,1.27,1.13,1.27,1.27,1.13,1.27,1.27,-1
3456,1.27,1.27,1.27,1.13,1.27,1.27,1.27,1.13,1.27,1.27,-1
3458,1.27,1.27,1.27,1.27,1.27,1.13,1.27,1.13,1.27,1.27,-1
3459,1.27,1.27,1.27,1.27,1.13,1.27,1.13,1.27,1.13,1.27,-1
3460,1.27,1.27,1.27,1.13,1.27,1.27,1.27,1.27,1.13,1.27,-1
3461,1.27,1.13,1.27,1.13,1.27,1.13,1.27,1.27,1.27,1.27,-1
3463,1.13,1.13,1.27,1.27,1.27,1.27,1.27,1.27,1.27,1.27,-1
3465,1.27,1.27,1.27,1.27,1.27,1.27,1.13,1.27,1.13,1.27,-1
3466,1.27,1.27,1.13,1.27,1.27,1.27,1.27,1.27,1.13,1.27,-1
3470,1.13,1.27,1.13,1.27,1.27,1.27,1.27,1.13,1.27,1.27,-1
3472,1.27,1.27,1.27,1.27,1.13,1.27,1.13,1.27,1.27,1.27,-1
3476,1.27,1.27,1.27,1.27,1.27,1.13,1.27,1.13,1.27,1.13,-1
3483,1.27,1.27,1.27,1.27,1.27,1.41,1.27,1.27,1.27,1.27,-1
3484,1.41,1.27,1.27,1.27,1.27,1.27,1.27,1.27,1.27,1.27,-1
3489,1.27,1.27,1.27,1.41,1.27,1.27,1.27,1.27,1.27,1.27,-1
3493,1.27,1.27,1.27,1.27,1.27,1.13,1.27,1.27,1.27,1.27,-1
3494,1.27,1.27,1.27,1.27,1.27,1.27,1.13,1.27,1.27,1.27,-1
3496,1.27,1.27,1.13,1.27,1.27,1.27,1.27,1.13,1.13,1.27,-1
3508,1.27,1.27,1.27,1.27,1.27,1.13,1.27,1.27,1.27,1.13,-1
3511,1.13,1.27,1.27,1.27,1.27,1.27,1.27,1.27,1.27,1.27,-1
3517,1.27,1.27,1.27,1.27,1.27,1.27,1.13,1.27,1.13,1.13,-1
3532,1.27,1.27,1.13,1.27,1.27,1.27,1.13,1.27,1.27,1.27,-1
3539,1.27,1.27,1.27,1.27,1.27,1.27,1.27,1.13,1.27,1.27,-1
3546,1.27,1.13,1.27,1.13,1.27,1.27,1.27,1.27,1.27,1.27,-1
3566,1.27,1.27,1.27,1.27,1.27,1.27,1.27,1.27,1.27,1.41,-1
3581,1.27,1.41,1.27,1.27,1.27,1.27,1.27,1.27,1.27,1.27,-1
3583,1.37,1.37,1.37,1.37,1.37,1.37,1.37,1.37,1.37,1.37,-1
3723,1.37,1.37,1.37,1.37,1.37,1.37,1.37,1.37,1.37,1.53,-1
3732,1.45,1.45,1.45,1.45,1.45,1.45,1.45,1.45,1.45,1.45,-1
3881,1.39,1.39,1.39,1.39,1.39,1.39,1.39,1.39,1.39,1.39,-1
3894,1.39,1.39,1.39,1.39,1.39,1.39,1.39,1.39,1.39,1.24,-1
4030,8.42,8.07,7.54,7.37,6.84,6.67,6.49,6.14,5.96,5.61,-1
4031,5.44,5.26,5.09,4.91,4.74,4.56,4.39,4.21,4.04,3.86,-1
4032,3.86,3.68,3.51,3.51,3.51,3.51,3.33,3.33,3.16,3.16,-1
4033,3.16,3.16,2.98,2.98,2.98,2.81,2.81,2.81,2.63,2.63,-1
4034,2.63,2.63,2.46,2.46,2.46,2.46,2.46,2.28,2.28,2.28,-1
4035,2.28,2.28,2.11,2.28,2.11,2.11,2.11,2.11,2.11,2.11,-1
4036,2.11,2.11,2.11,2.11,2.11,2.11,2.11,2.11,2.11,2.11,-1
4037,2.11,2.11,2.11,1.93,1.93,1.93,1.93,2.11,2.11,1.93,-1
4038,1.93,1.93,2.11,1.93,1.93,1.93,2.11,1.93,1.93,1.93,-1
4039,1.93,1.93,1.93,1.93,1.93,1.93,1.93,1.93,1.93,2.11,-1
4040,1.93,1.93,1.93,1.93,1.93,1.93,1.93,1.93,1.93,1.93,-1
4045,1.93,1.93,1.75,1.93,1.93,1.93,1.75,1.75,1.93,1.93,-1
4047,1.93,1.93,1.93,1.93,1.93,1.75,1.93,1.93,1.93,1.93,-1
4048,1.93,1.93,2.28,2.28,2.28,2.28,2.46,2.63,2.81,2.98,1
4049,2.98,3.33,3.51,3.68,3.86,4.04,4.21,4.39,4.56,4.74,1
4050,4.91,5.09,5.26,5.44,5.61,5.79,6.14,6.32,6.67,7.02,1
4051,7.19,7.54,7.72,8.42,8.6,8.6,8.77,8.95,9.12,9.3,1
4052,9.65,10.0,10.18,10.35,10.7,10.7,11.05,11.4,11.58,11.75,1
4053,12.11,12.28,12.46,12.81,12.98,13.16,13.51,13.68,13.86,14.04,1
4054,14.39,14.74,14.91,15.09,15.44,15.61,15.79,16.14,16.32,16.49,1
4055,16.67,16.84,17.02,17.19,17.37,17.54,17.72,17.89,18.07,18.25,1
4056,18.42,18.6,18.77,18.95,19.12,19.3,19.3,19.47,19.47,19.82,1
4057,20.0,20.18,20.18,20.35,20.53,20.7,20.7,20.88,21.05,21.05,1
4058,21.23,21.23,21.4,21.58,21.75,21.75,21.93,22.11,22.28,22.28,1
4059,22.46,22.63,22.63,22.81,22.98,22.98,23.16,23.33,23.33,23.51,1
4060,23.51,23.68,23.68,23.86,24.04,24.04,24.21,24.39,24.39,24.56,1
4061,24.74,24.91,24.91,25.09,25.26,25.26,25.44,25.44,25.61,25.79,1
4062,25.79,25.96,26.14,26.14,26.32,26.49,26.49,26.67,26.84,26.84,1
4063,26.84,27.02,27.19,27.19,27.37,27.54,27.72,27.89,27.89,28.07,1
4064,28.07,28.25,28.25,28.42,28.42,28.6,28.6,28.77,28.95,29.3,1
4065,29.47,29.47,29.47,29.65,29.65,29.82,29.82,30.0,30.0,30.18,1
4066,30.35,30.35,30.53,30.7,30.88,30.88,30.88,31.05,31.05,31.23,1
4067,31.23,31.23,31.4,31.4,31.58,31.75,31.75,31.93,31.93,31.93,1
4068,32.11,32.11,32.11,31.75,31.58,30.88,28.77,27.37,25.09,23.68,-1
4069,21.93,20.35,18.77,17.19,15.61,14.04,12.63,11.58,10.35,9.65,-1
4070,9.12,8.6,8.25,8.07,7.72,7.37,7.02,6.84,6.84,6.84,-1
4071,6.67,6.67,6.49,6.32,6.32,6.14,5.96,5.96,5.96,5.79,-1
4072,5.79,5.79,5.61,5.44,5.26,5.26,5.09,5.09,4.91,4.91,-1
4073,4.74,4.74,4.74,4.56,4.56,4.39,4.39,4.21,4.04,4.04,-1
4074,3.86,3.68,3.51,3.51,3.33,3.16,3.16,3.16,3.16,3.16,-1
4075,2.98,3.16,2.98,2.98,2.98,2.98,2.98,2.98,2.98,2.98,-1
4076,2.98,2.98,2.81,2.81,2.81,2.81,2.81,2.81,2.81,2.81,-1
4077,2.63,2.81,2.81,2.81,2.63,2.63,2.63,2.63,2.46,2.63,-1
4078,2.63,2.63,2.63,2.63,2.63,2.63,2.46,2.46,2.46,2.46,-1
4079,2.46,2.46,2.46,2.46,2.46,2.46,2.46,2.46,2.46,2.28,-1
4080,2.28,2.46,2.46,2.46,2.46,2.46,2.46,2.46,2.28,2.28,-1
4081,2.28,2.28,2.28,2.28,2.28,2.28,2.28,2.28,2.28,2.28,-1
4084,2.46,2.28,2.28,2.28,2.28,2.28,2.28,2.28,2.28,2.28,-1
4086,2.28,2.28,2.28,2.28,2.28,2.28,2.28,2.28,2.28,2.11,-1
4087,2.28,2.28,2.28,2.28,2.11,2.28,2.28,2.28,2.28,2.28,-1
4088,2.46,2.46,2.63,2.63,2.81,2.98,2.98,3.16,3.33,3.51,1
4089,3.68,3.68,3.86,4.04,4.39,4.39,4.74,4.91,5.09,5.26,1
4090,5.44,5.61,5.96,6.14,6.32,6.49,6.84,7.02,7.19,7.37,1
4091,7.72,7.89,8.25,8.42,8.6,8.77,9.12,9.3,9.47,9.65,1
4092,10.0,10.18,10.35,10.53,10.7,10.88,11.05,11.23,11.58,11.75,1
4093,11.93,12.11,12.28,12.63,12.81,12.98,13.16,13.33,13.51,13.68,1
4094,13.86,14.04,14.21,14.39,14.56,14.74,14.91,15.09,15.26,15.44,1
4095,15.61,15.61,15.96,16.14,16.14,16.49,16.67,16.84,16.84,17.02,1
4096,17.19,17.37,17.54,17.72,17.89,18.07,18.25,18.42,18.42,18.77,1
4097,18.77,18.95,19.12,19.3,19.47,19.47,19.82,20.0,20.18,20.35,1
4098,20.7,20.88,21.05,21.23,21.23,21.4,21.58,21.58,21.75,21.93,1
4099,22.11,22.28,22.46,22.63,22.63,22.81,22.98,23.16,23.33,23.33,1
4100,23.51,23.68,23.86,24.04,24.04,24.39,24.39,24.56,24.74,24.91,1
4101,24.91,25.09,25.09,25.09,25.26,25.44,25.61,25.61,25.79,25.96,1
4102,26.14,26.14,26.32,26.32,26.32,26.49,26.49,26.49,26.67,26.67,1
4103,26.84,26.84,27.02,27.19,27.19,27.19,27.19,27.19,27.19,27.19,1
4104,27.37,27.37,27.37,27.54,27.54,27.72,27.89,27.89,27.89,27.89,1
4105,27.89,27.89,27.89,28.07,28.07,28.07,28.25,28.25,28.42,28.42,1
4106,28.6,28.6,28.6,28.6,28.6,28.6,28.6,28.6,28.77,28.77,1
4107,28.95,29.12,29.12,29.3,29.12,29.3,29.3,29.3,29.3,29.3,1
4108,29.12,28.95,27.54,26.14,24.21,22.63,21.4,20.18,18.95,17.54,-1
4109,16.14,14.74,13.16,11.93,10.7,9.47,8.6,7.89,7.19,6.49,-1
4110,5.96,5.44,5.09,4.74,4.39,4.21,3.86,3.68,3.51,3.33,-1
4111,3.16,2.98,2.98,2.81,2.81,2.63,2.63,2.46,2.46,2.46,-1
4112,2.46,2.46,2.28,2.28,2.28,2.28,2.28,2.28,2.28,2.28,-1
4113,2.28,2.28,2.46,2.46,2.46,2.46,2.46,2.46,2.46,2.46,-1
4114,2.46,2.46,2.46,2.46,2.46,2.46,2.46,2.46,2.46,2.46,-1
4116,2.46,2.46,2.46,2.46,2.46,2.46,2.46,2.63,2.63,2.46,-1
4117,2.63,2.46,2.63,2.63,2.63,2.63,2.63,2.63,2.63,2.63,-1
4118,2.63,2.63,2.63,2.63,2.63,2.63,2.63,2.63,2.63,2.63,-1
4119,2.63,2.81,2.63,2.81,2.81,2.81,2.81,2.81,2.81,2.81,-1
4120,2.81,2.63,2.81,2.81,2.81,2.63,2.81,2.63,2.63,2.81,-1
4121,2.63,2.81,2.81,2.81,2.81,2.81,2.81,2.81,2.63,2.81,-1
4122,2.81,2.81,2.81,2.81,2.81,2.81,2.81,2.81,2.81,2.81,-1
4124,2.81,2.81,2.81,2.81,2.81,2.63,2.81,2.81,2.81,2.63,-1
4126,2.81,2.81,2.81,2.81,2.81,2.63,2.81,2.81,2.81,2.81,-1
4128,2.81,2.81,2.81,2.81,2.98,2.98,2.98,3.16,3.16,3.16,1
4129,3.33,3.33,3.51,3.51,3.86,3.86,4.04,4.04,4.21,4.39,1
4130,4.56,4.74,4.91,5.09,5.26,5.44,5.61,5.79,5.96,6.14,1
4131,6.32,6.49,6.67,6.84,7.19,7.37,7.54,7.72,8.07,8.25,1
4132,8.42,8.6,8.77,9.12,9.3,9.47,9.65,10.0,10.18,10.35,1
4133,10.53,10.88,11.05,11.23,11.4,11.75,11.93,12.11,12.28,12.46,1
4134,12.63,12.81,13.16,13.16,13.33,13.51,13.68,13.86,14.04,14.21,1
4135,14.39,14.56,14.74,14.91,15.09,15.26,15.44,15.61,15.79,15.96,1
4136,16.14,16.32,16.49,16.67,16.67,16.84,17.02,17.19,17.54,17.54,1
4137,17.89,17.89,18.07,18.25,18.42,18.6,18.77,18.95,19.12,19.3,1
4138,19.47,19.65,19.82,20.0,20.18,20.7,20.88,21.05,21.23,21.4,1
4139,21.58,21.58,21.75,22.11,22.28,22.46,22.81,22.81,23.16,23.16,1
4140,23.33,23.51,23.68,23.86,23.86,24.04,24.21,24.39,24.56,24.74,1
4141,24.91,25.09,25.26,25.44,25.44,25.61,25.61,25.79,25.79,25.96,1
4142,26.14,26.32,26.49,26.67,26.67,26.84,26.84,27.02,27.19,27.19,1
4143,27.37,27.37,27.37,27.54,27.72,27.89,28.07,28.25,28.25,28.42,1
4144,28.42,28.42,28.6,28.77,28.77,28.95,29.12,29.12,29.3,29.47,1
4145,29.65,29.65,29.82,29.82,29.82,29.82,30.0,30.0,30.18,30.35,1
4146,30.35,30.53,30.7,30.88,31.05,31.05,31.05,31.05,31.05,31.23,1
4147,31.23,31.4,31.4,31.58,31.75,31.75,31.93,32.11,32.11,32.11,1
4148,32.28,32.28,32.28,32.28,32.46,32.46,32.28,31.93,31.4,28.6,-1
4149,27.02,24.91,23.51,21.93,20.35,18.77,17.54,16.14,14.74,13.16,-1
4150,11.4,10.18,9.12,8.07,7.37,6.84,6.32,5.96,5.44,5.09,-1
4151,4.74,4.56,4.21,4.04,3.86,3.68,3.51,3.33,3.33,3.16,-1
4152,3.16,2.98,2.98,2.81,2.63,2.63,2.63,2.63,2.63,2.46,-1
4153,2.46,2.46,2.46,2.46,2.46,2.28,2.28,2.28,2.28,2.11,-1
4154,2.28,2.11,2.11,2.11,2.11,2.11,2.11,2.11,2.11,2.11,-1
4155,2.11,2.11,2.11,1.93,2.11,1.93,2.11,2.11,1.93,1.93,-1
4156,1.93,1.93,1.93,1.93,2.11,1.93,1.93,1.93,1.93,2.11,-1
4164,1.93,1.93,1.93,1.93,1.93,2.11,1.93,1.93,1.93,1.93,-1
4165,1.93,1.93,2.11,2.11,1.93,1.93,1.93,1.93,1.93,1.93,-1
4167,1.93,1.93,1.93,1.93,1.93,1.93,1.93,2.11,1.93,2.11,-1
4168,2.11,2.11,2.11,1.93,1.93,1.93,1.93,1.93,2.11,2.11,-1
4169,2.11,2.28,2.28,2.46,2.46,2.46,2.63,2.81,2.98,3.16,1
4170,3.33,3.51,3.68,3.86,4.04,4.21,4.39,4.56,4.74,5.09,1
4171,5.26,5.44,5.61,5.96,6.14,6.32,6.49,6.84,7.02,7.19,1
4172,7.54,7.72,7.89,8.25,8.42,8.77,8.95,9.12,9.47,9.47,1
4173,9.82,10.0,10.35,10.53,10.7,11.05,11.05,11.4,11.58,11.93,1
4174,12.11,12.28,12.46,12.63,12.81,12.98,13.16,13.33,13.51,13.68,1
4176,15.61,15.79,15.96,16.14,16.32,16.49,16.67,16.84,17.02,17.02,1
4177,17.19,17.37,17.54,17.72,17.72,17.89,18.07,18.25,18.42,18.6,1
4178,14.93,14.93,14.93,14.93,14.93,14.93,14.93,14.93,14.93,17.11,1
4179,19.63,21.98,23.83,24.66,25.84,26.85,27.85,28.86,29.7,30.37,1
4180,30.87,31.54,32.21,32.55,33.05,33.56,33.89,34.23,34.56,34.9,1
4181,35.07,35.4,35.74,35.91,36.24,36.41,36.58,36.91,37.08,37.08,1
4182,37.42,37.58,37.75,37.92,38.09,38.26,38.42,38.76,38.76,39.09,1
4183,39.09,39.26,39.43,39.6,39.77,39.93,40.1,40.27,40.6,40.6,1
4184,40.94,41.11,41.28,41.44,41.44,41.61,41.78,41.95,41.95,42.11,1
4185,42.28,42.45,42.45,42.79,42.95,43.12,43.12,43.29,43.46,43.62,1
4186,43.79,43.79,43.96,44.13,44.3,44.46,44.63,44.8,44.97,45.13,1
4187,45.3,45.3,45.47,45.64,45.81,45.97,46.14,46.31,46.48,46.64,1
4188,55.37,55.2,55.03,54.87,54.7,54.53,54.36,54.19,54.03,53.86,-1
4189,53.52,53.36,53.19,52.85,52.52,52.01,51.51,51.01,50.34,49.83,-1
4190,49.16,48.49,47.82,47.32,46.64,45.97,45.47,44.8,44.13,43.46,-1
4191,42.95,42.28,41.78,41.11,40.44,39.6,38.76,38.09,36.91,35.91,-1
4192,34.9,33.72,32.72,31.71,30.7,29.87,29.19,28.52,27.85,27.35,-1
4193,26.85,26.34,25.84,25.5,25.17,24.83,24.5,24.16,23.83,23.66,-1
4194,23.32,22.99,22.82,22.48,22.48,22.32,21.98,21.64,21.64,21.31,-1
4195,21.14,20.97,20.81,20.64,20.47,20.3,20.13,19.97,19.8,19.63,-1
4196,19.63,19.46,19.3,19.13,18.96,18.79,18.79,18.79,18.62,18.46,-1
4197,18.29,18.29,18.12,17.95,17.79,17.79,17.62,17.62,17.45,17.45,-1
4198,17.28,17.11,17.11,16.95,16.95,16.95,16.95,16.78,16.78,16.78,-1
4199,16.78,16.78,16.78,16.61,16.61,16.44,16.61,16.44,16.44,16.44,-1
4200,16.28,16.28,16.28,16.28,16.28,16.11,16.11,16.11,16.11,16.11,-1
4201,16.11,15.94,15.94,15.94,15.94,15.77,15.77,15.77,15.77,15.77,-1
4202,15.6,15.6,15.6,15.6,15.6,15.6,15.44,15.44,15.27,15.27,-1
4204,15.1,15.27,15.27,15.27,15.27,15.1,15.1,15.1,15.1,15.1,-1
4205,15.1,15.1,15.1,15.1,15.1,15.1,15.1,14.93,15.1,15.1,-1
4206,15.1,15.1,15.1,14.93,15.1,15.1,15.1,14.93,14.93,15.1,-1
4207,14.77,14.77,14.6,17.95,20.3,22.65,23.66,24.83,26.01,27.18,1
4208,28.19,28.86,29.7,30.37,30.87,31.54,31.88,32.38,32.72,33.22,1
4209,33.56,33.89,34.06,34.4,34.56,34.9,35.23,35.4,35.57,35.74,1
4210,36.07,36.24,36.41,36.58,36.74,36.91,37.08,37.25,37.58,37.58,1
4211,37.75,38.09,38.26,38.26,38.42,38.59,38.93,38.93,39.26,39.43,1
4212,39.6,39.77,39.93,40.1,40.27,40.44,40.6,40.77,40.94,41.11,1
4213,41.28,41.44,41.61,41.78,41.95,42.11,42.28,42.45,42.62,42.62,1
4214,42.79,42.95,43.12,43.12,43.29,43.46,43.62,43.79,43.96,44.13,1
4215,44.3,44.46,44.63,44.8,44.8,44.97,45.13,45.3,45.47,45.64,1
4216,45.81,45.97,46.14,46.31,46.31,46.48,46.64,46.64,46.81,46.98,1
4217,47.15,47.32,47.48,47.65,47.82,47.99,47.99,48.15,48.32,48.49,1
4218,48.49,48.66,48.83,48.83,48.99,49.16,49.33,49.5,49.66,49.66,1
4219,49.83,50.0,50.0,50.17,50.34,50.5,50.5,50.67,50.84,50.84,1
4220,51.01,51.17,51.34,51.34,51.51,51.51,51.68,51.68,51.85,52.01,1
4221,52.01,52.18,52.35,52.35,52.52,52.68,52.68,52.68,52.85,52.85,1
4222,53.02,53.02,53.02,53.19,53.19,53.36,53.52,53.52,53.69,53.69,1
4223,53.69,53.86,53.86,53.86,53.86,54.03,54.03,54.19,54.19,54.36,1
4224,54.36,54.36,54.53,54.53,54.53,54.53,54.53,54.7,54.7,54.7,1
4225,54.7,54.7,54.87,55.03,55.03,55.03,55.03,55.03,55.03,55.03,1
4226,55.03,55.2,55.2,55.2,55.2,55.37,55.37,55.37,55.54,55.37,1
4227,55.37,55.37,55.37,55.37,55.37,55.37,55.37,55.37,55.2,55.2,1
4228,50.5,50.34,50.17,50.0,49.83,49.66,49.66,49.5,49.33,49.16,-1
4229,48.83,48.49,47.99,47.65,47.32,46.81,46.48,45.97,45.47,44.97,-1
4230,44.3,43.62,42.79,41.78,40.77,39.6,38.59,37.58,36.74,35.91,-1
4231,35.07,34.4,33.56,32.89,32.21,31.54,30.87,30.2,29.53,28.86,-1
4232,28.36,27.85,27.18,26.85,26.34,26.01,25.5,25.34,25.0,24.5,-1
4233,24.16,23.66,23.32,22.99,22.82,22.48,22.15,21.98,21.64,21.31,-1
4234,21.14,20.81,20.64,20.47,19.97,19.8,19.63,19.46,19.3,19.13,-1
4235,18.96,18.79,18.62,18.46,18.29,18.29,18.12,17.95,17.95,17.79,-1
4236,17.62,17.62,17.62,17.62,17.45,17.45,17.28,17.28,17.28,17.11,-1
4237,16.95,16.95,16.95,16.95,16.78,16.78,16.78,16.61,16.61,16.61,-1
4238,16.61,16.44,16.44,16.28,16.28,16.28,16.28,16.28,16.28,16.11,-1
4239,16.11,16.11,16.11,16.11,15.94,15.94,15.94,15.94,15.94,15.94,-1
4240,15.77,15.77,15.77,15.77,15.77,15.77,15.6,15.6,15.6,15.6,-1
4241,15.6,15.44,15.44,15.44,15.6,15.44,15.44,15.44,15.44,15.44,-1
4242,15.44,15.27,15.27,15.44,15.27,15.27,15.27,15.27,15.27,15.1,-1
4243,15.1,15.27,15.1,15.1,15.27,15.1,15.1,15.1,15.1,15.1,-1
4244,14.93,15.1,14.93,14.93,14.93,14.93,14.93,14.93,14.93,14.93,-1
4245,14.93,14.93,14.93,14.93,14.77,14.93,14.93,14.77,14.77,14.77,-1
4246,14.77,14.77,14.77,14.77,14.77,14.77,14.6,14.77,14.77,14.6,-1
4247,14.93,14.93,14.93,14.93,14.93,14.93,16.78,19.13,21.31,23.49,1
4248,24.16,25.17,26.17,27.18,28.02,28.69,29.36,30.03,30.54,31.21,1
4249,31.54,32.05,32.38,32.89,33.22,33.56,33.89,34.06,34.4,34.56,1
4250,34.9,35.07,35.4,35.57,35.74,36.07,36.24,36.41,36.58,36.74,1
4251,36.91,36.91,37.25,37.42,37.58,37.75,37.92,37.92,38.09,38.42,1
4252,38.42,38.59,38.59,38.76,39.09,39.09,39.26,39.43,39.6,39.77,1
4253,39.93,40.1,40.1,40.27,40.44,40.6,40.6,40.77,40.94,41.11,1
4254,41.11,41.44,41.44,41.61,41.78,41.95,42.11,42.11,42.28,42.28,1
4255,42.45,42.62,42.62,42.95,42.95,43.12,43.29,43.46,43.46,43.62,1
4256,43.62,43.79,43.79,43.96,43.96,44.13,44.3,44.46,44.46,44.63,1
4257,44.63,44.8,44.8,44.8,44.97,44.97,45.13,45.3,45.3,45.47,1
4258,45.47,45.64,45.81,45.81,45.97,45.97,45.97,46.14,46.14,46.31,1
4259,46.31,46.31,46.48,46.64,46.64,46.81,46.81,46.81,46.98,46.98,1
4260,47.15,47.15,47.15,47.32,47.32,47.48,47.48,47.65,47.82,47.82,1
4261,47.82,47.99,47.99,47.99,48.15,48.15,48.32,48.32,48.32,48.49,1
4262,48.49,48.66,48.66,48.66,48.66,48.66,48.66,48.83,48.83,48.83,1
4263,48.83,48.83,48.83,48.99,48.99,48.99,48.99,49.16,49.16,49.16,1
4264,49.16,49.33,49.16,49.33,49.33,49.33,49.5,49.66,49.66,49.66,1
4265,49.83,49.83,50.0,50.0,50.0,50.17,50.17,50.17,50.34,50.5,1
4266,50.5,50.5,50.5,50.5,50.5,50.67,50.67,50.67,51.01,51.01,1
4267,51.01,51.01,51.17,51.17,51.17,51.17,51.17,51.17,51.34,51.34,1
4268,53.19,53.02,52.85,52.52,52.35,51.85,51.51,51.01,50.34,49.83,-1
4269,49.16,48.32,47.48,46.64,45.97,45.3,44.3,43.46,42.45,41.44,-1
4270,40.27,39.43,38.42,37.58,36.74,35.91,35.23,34.56,33.89,33.39,-1
4271,32.72,32.21,31.54,31.04,30.54,29.87,29.36,28.86,28.52,28.02,-1
4272,27.68,27.35,26.85,26.51,26.17,25.67,25.5,25.0,24.83,24.5,-1
4273,24.33,23.99,23.83,23.66,23.15,22.99,22.82,22.65,22.48,22.15,-1
4274,21.98,21.81,21.64,21.31,21.14,20.97,20.81,20.47,20.3,20.13,-1
4275,19.8,19.63,19.63,19.46,19.3,18.96,18.96,18.79,18.62,18.62,-1
4276,18.46,18.29,18.12,17.95,17.95,17.95,17.79,17.79,17.62,17.45,-1
4277,17.45,17.45,17.28,17.28,17.11,17.11,17.11,16.95,16.95,16.78,-1
4278,16.78,16.78,16.78,16.78,16.61,16.44,16.61,16.61,16.61,16.44,-1
4279,16.44,16.44,16.28,16.28,16.28,16.28,16.11,16.11,16.11,16.11,-1
4280,15.94,15.94,15.94,15.94,15.94,15.77,15.77,15.77,15.77,15.77,-1
4281,15.77,15.6,15.6,15.6,15.6,15.6,15.6,15.44,15.44,15.6,-1
4282,15.6,15.44,15.44,15.44,15.44,15.44,15.44,15.27,15.44,15.27,-1
4283,15.27,15.27,15.27,15.27,15.27,15.27,15.27,15.27,15.1,15.27,-1
4285,15.1,15.1,15.1,15.1,15.1,15.1,15.1,15.1,15.1,14.93,-1
4286,17.79,19.97,21.98,23.15,24.33,25.34,26.34,27.18,28.02,28.69,1
4287,29.36,30.03,30.54,31.04,31.38,31.88,32.21,32.55,32.89,33.05,1
4288,33.39,33.72,33.89,34.23,34.56,34.73,34.9,35.23,35.4,35.57,1
4289,35.74,36.07,36.07,36.41,36.58,36.74,36.91,37.08,37.25,37.42,1
4290,37.75,37.92,38.09,38.26,38.42,38.59,38.76,38.93,39.09,39.26,1
4291,39.43,39.6,39.93,39.93,40.1,40.27,40.44,40.6,40.77,40.94,1
4292,41.11,41.28,41.44,41.61,41.78,41.95,42.11,42.28,42.45,42.45,1
4293,42.62,42.79,42.95,43.12,43.29,43.46,43.62,43.79,43.96,44.13,1
4294,44.3,44.46,44.46,44.63,44.8,44.97,45.13,45.13,45.3,45.47,1
4295,45.64,45.81,45.97,46.14,46.31,46.48,46.48,46.48,46.81,46.81,1
4296,46.98,47.15,47.15,47.48,47.48,47.65,47.82,47.99,47.99,48.15,1
4297,48.32,48.32,48.49,48.66,48.66,48.83,48.99,49.16,49.33,49.33,1
4298,49.5,49.5,49.66,49.83,49.83,49.83,50.0,50.17,50.17,50.34,1
4299,50.5,50.5,50.67,50.67,50.84,50.84,51.01,51.01,51.01,51.17,1
4300,51.17,51.34,51.51,51.51,51.68,51.68,51.85,51.85,52.01,52.01,1
4301,52.01,52.18,52.18,52.18,52.35,52.52,52.52,52.68,52.68,52.85,1
4302,52.85,52.85,52.85,53.02,53.02,53.02,53.02,53.19,53.19,53.36,1
4303,53.52,53.52,53.52,53.52,53.52,53.69,53.52,53.69,53.69,53.69,1
4304,53.86,53.86,54.03,54.03,54.03,54.19,54.19,54.19,54.19,54.19,1
4305,54.36,54.19,54.36,54.36,54.53,54.53,54.7,54.7,54.7,54.7,1
4306,54.7,54.7,54.87,54.7,54.7,54.7,54.7,54.7,54.7,54.7,1
4307,47.15,46.48,45.47,44.63,43.79,42.62,41.61,40.6,39.6,38.42,-1
4308,37.42,36.41,35.57,34.9,34.06,33.39,32.72,31.88,31.38,30.7,-1
4309,30.37,29.7,29.36,28.69,28.36,27.85,27.52,27.01,26.68,26.34,-1
4310,25.84,25.5,25.0,24.66,24.33,23.99,23.66,23.49,23.15,22.99,-1
4311,22.82,22.48,22.32,22.15,21.98,21.81,21.64,21.48,21.31,21.14,-1
4312,20.97,20.81,20.64,20.47,20.3,20.3,20.13,19.97,19.8,19.8,-1
4313,19.8,19.63,19.46,19.3,19.3,19.13,19.13,18.96,18.79,18.79,-1
4314,18.62,18.62,18.62,18.29,18.46,18.29,18.12,18.12,17.95,17.79,-1
4315,17.79,17.79,17.62,17.45,17.45,17.45,17.45,17.45,17.28,17.28,-1
4316,17.28,17.11,17.11,17.11,17.11,17.11,17.11,16.95,17.11,16.95,-1
4317,16.95,16.95,16.78,16.78,16.78,16.61,16.61,16.61,16.61,16.44,-1
4318,16.44,16.28,16.28,16.28,16.11,16.11,15.94,15.94,15.94,15.77,-1
4319,15.77,15.6,15.6,15.6,15.6,15.6,15.6,15.6,15.6,15.44,-1
4320,15.44,15.44,15.44,15.44,15.44,15.44,15.27,15.44,15.27,15.27,-1
4321,15.27,15.27,15.27,15.1,15.1,15.1,14.93,14.93,14.93,14.93,-1
4322,14.93,14.93,14.93,14.93,14.93,14.93,14.77,14.93,14.93,14.93,-1
4323,14.77,14.93,14.93,14.77,14.77,14.93,14.93,14.77,14.77,14.77,-1
4325,72.38,72.63,72.63,72.63,72.63,72.63,72.63,72.63,72.63,72.63,1
4326,72.63,72.63,72.63,72.38,72.63,72.63,72.63,72.63,72.63,72.63,1
4327,72.63,72.63,72.63,72.63,72.38,72.63,72.38,72.63,72.63,72.63,1
4328,72.63,72.63,72.63,72.63,72.63,72.63,72.63,72.63,72.63,72.63,1
4346,72.63,72.38,72.38,72.63,72.63,72.63,72.63,72.63,72.63,72.63,1
4350,72.63,72.38,72.63,72.63,72.63,72.63,72.63,72.63,72.63,72.63,1
4358,72.63,72.63,72.63,72.63,72.63,72.89,72.63,72.63,72.63,72.63,1
4363,72.63,72.63,72.63,72.63,72.38,72.63,72.63,72.63,72.63,72.63,1
4370,72.63,72.63,72.63,72.63,72.63,72.63,72.63,72.63,72.63,72.38,1
4376,72.63,72.63,72.63,72.63,72.63,72.63,72.63,72.63,72.89,72.63,1
4380,72.63,72.63,72.63,72.63,72.63,72.63,72.63,72.89,72.63,72.63,1
4391,72.63,72.63,72.63,72.89,72.63,72.63,72.63,72.63,72.63,72.63,1
4393,72.63,72.63,72.63,72.63,72.63,72.63,72.63,72.63,72.63,72.89,1
4394,72.89,72.63,72.63,72.63,72.63,72.63,72.63,72.63,72.63,72.63,1
4399,72.63,72.89,72.63,72.63,72.63,72.63,72.63,72.63,72.63,72.63,1
4403,72.63,72.63,72.89,72.63,72.63,72.63,72.63,72.63,72.63,72.63,1
4405,72.63,72.63,72.63,72.63,72.63,72.63,72.89,72.63,72.89,72.63,1
4408,72.63,72.63,72.63,72.63,72.89,72.63,72.63,72.63,72.63,72.63,1
4410,72.63,72.63,72.63,72.63,72.63,72.63,72.63,72.63,72.89,72.89,1
4412,72.63,72.89,72.89,72.63,72.63,72.63,72.63,72.63,72.63,72.63,1
4418,72.63,72.63,72.63,72.63,72.63,72.63,72.89,72.89,72.63,72.63,1
4430,72.63,72.63,72.63,72.89,72.89,72.63,72.63,72.63,72.63,72.63,1
4433,72.89,72.89,72.63,72.63,72.63,72.63,72.63,72.63,72.63,72.63,1
4435,72.63,72.63,72.63,72.63,72.63,72.89,72.63,72.89,72.63,72.63,1
4438,72.63,72.63,72.89,72.89,72.63,72.63,72.63,72.63,72.63,72.63,1
4442,72.63,72.89,72.89,72.89,72.63,72.63,72.63,72.63,72.63,72.63,1
4448,72.63,72.63,72.63,72.63,72.63,72.63,72.63,72.89,72.89,72.63,1
4456,72.63,72.63,72.63,72.63,72.63,72.63,72.89,72.89,72.89,72.63,1
4459,72.63,72.63,72.89,72.89,72.89,72.63,72.63,72.63,72.63,72.63,1
4465,72.63,72.63,72.63,72.63,72.63,72.63,72.63,72.89,72.89,72.89,1
4467,72.63,72.89,72.89,72.89,72.89,72.63,72.63,72.63,72.63,72.63,1
4468,72.63,72.63,72.63,72.63,72.89,72.89,72.89,72.63,72.63,72.63,1
4473,72.63,72.63,72.63,72.63,72.63,72.63,72.89,72.89,72.89,72.89,1
